Timestamp,What is your current Atlas Pass Designation?,Did you sign up during the first or second phase?,"Which, if any, of the sigils (NOT GLYPHS) did you complete? Select all that apply",Did you send an email to any of the phase 1 websites?,"If you answered yes to the previous question, did you use the same email that you used to register for the CSD?","If you answered yes to question 2, which of these emails did you send? Select all that apply",Did you vote in the second mercury process?,Did you participate in the first phase 2 survey?,"Is the code name you entered similar or identical to another name you use online? If so, which ones? Check all which apply. (Leave this blank if you answered ""No"" For the first question.)",Have you ever had a lucid dream?,Do you consider yourself a curious person?,Do you believe a consciousness can be echoed?,Do you believe in coincidence?,Assume your life is a game. Which is true?,Do you believe our universe has a beginning?,Can you run a simulation of a more complex universe inside another one?,Do you have the duty to help accelerate towards the singularity?,Did you select the option to receive a physical Atlas Pass?,Did you complete the second survey?,Do you believe that object truth exists?,Did you press the red button which would either give you a million dollars or kill somebody in the world?,Do you enjoy surprises?,Which came first?,Did you participate in the dataset completion survey?,Did you complete the dataset survey alone or with others?,Did you complete the optional final question?,How many pictures did you upload to project-wt during the calibration process? (0 is a valid answer),Did you submit your citizen ID when you submitted your photos?,Is your city present on the project-wt map?,Did you submit a code to the bootsector website?,Did you submit a code to the project azure website?,"Did you participate in any way in the New York live drop? If so, how? (Choose the one you think is most accurate.)",Have you registered for the CSD with more than 1 email account?,"If you are active in any communities related to waking titan, select them here. ",Do you have an ETARC account?,"If you have an ETARC account, did you use the same email as the one you used to sign up for the CSD?",Have you completed all of the currently available steps on the WakingTitan.com console?,Did you recieve a steam key for No Man's Sky through WakingTitan?,"How active would you describe yourself in the waking titan community on a scale from 1 being not active at all, and 10 being extremely active?",How many people do you think are participating in waking titan? (regardless of activity level.)
8/3/2017 17:20:36,L-15,Phase 2,,,,,,Yes,"Steam ID, Discord Username",Yes,Yes,Yes,Yes,You are in control,Yes,Yes,Yes,Yes,Yes,Yes,No,Yes,The Battle of Hastings,Yes,With others,Yes,2,Yes,No,Yes,Yes,Periscope,Yes,WakingTitan Phase 2 Discord,Yes,Yes,Yes,,9,5000
8/3/2017 17:22:21,HG-16,Phase 1,"Sigil 1, Sigil 2, Sigil 3, Sigil 4, Sigil 5, Sigil 6",Yes,Yes,"info@multiverse-75.com (With the subject line ""817IDAS""), info@multiverse-75.com (With the subject line ""Algebraic Topology), nocturne@myriad-70.com",Yes,Yes,Discord Username,Yes,Yes,Yes,I don't remember my answer,Someone else is in control,Yes,Yes,Yes,Yes,Yes,No,Yes,Yes,16,Yes,Alone,Yes,4,Yes,Yes,Yes,Yes,Periscope,No,"Reddit, NMS Discord",Yes,Yes,Yes,,9,4000
8/3/2017 17:22:33,AWK,Phase 2,,,,,,Yes,"Steam ID, Reddit Username, Discord Username",Yes,Yes,Yes,Yes,I don't remember my answer,No,Yes,I don't remember my answer,Yes,Yes,Yes,Yes,Yes,I don't remember my answer,Yes,With others,Yes,7,Yes,Yes,No,Yes,Did not participate,No,WakingTitan Phase 2 Discord,No,I don't have an ETARC account,Yes,,7,15000
8/3/2017 17:23:36,HG-16,Phase 1,"Sigil 1, Sigil 2, Sigil 3, Sigil 4, Sigil 5, Sigil 6",No,I did not send any emails,,No,Yes,"Steam ID, PSN, Reddit Username, Discord Username",Yes,Yes,Yes,Yes,You are in control,Yes,No,Yes,Yes,Yes,Yes,No,No,16,Yes,With others,Yes,1,Yes,No,Yes,Yes,Periscope,No,"Reddit, WakingTitan Phase 2 Discord",No,I don't have an ETARC account,Yes,,8,50000
8/3/2017 17:23:37,HG-16,Phase 1,"Sigil 1, Sigil 2, Sigil 3, Sigil 4, Sigil 5, Sigil 6",No,I did not send any emails,,Can't remember,Yes,"Discord Username, The name I always use in the internet",Yes,Yes,Yes,No,Someone else is in control,No,No,Yes,Yes,Yes,No,No,Yes,Orion,Yes,With others,Yes,2,Yes,Yes,Yes,Yes,Waking Titan Twitch,No,WakingTitan Phase 2 Discord,No,I don't have an ETARC account,Yes,,6,8000
8/3/2017 17:24:07,16-A (sometimes referred to as A-16),Phase 1,"Sigil 1, Sigil 2, Sigil 3, Sigil 4, Sigil 5, Sigil 6",Yes,Yes,"info@multiverse-75.com (With the subject line ""817IDAS""), info@multiverse-75.com (With the subject line ""Algebraic Topology), nocturne@myriad-70.com",Yes,Yes,Discord Username,Yes,Yes,Yes,Yes,I don't remember my answer,Yes,Yes,Yes,Yes,Yes,I don't remember my answer,No,Yes,16,Yes,Alone,Yes,2,Yes,Yes,Yes,Yes,Periscope,No,"Reddit, ETARC, GameDetectives, NMS Discord",Yes,Yes,Yes,,7,7000
8/3/2017 17:24:25,WT-01,Phase 2,,,,,,No,,I did not participate in this survey,I did not participate in this survey,I did not participate in this survey,I did not participate in this survey,I did not participate in this survey,I did not participate in this survey,I did not participate in this survey,I did not participate in this survey,I did not participate in this survey,No,I did not participate in this survey,I did not participate in this survey,I did not participate in this survey,I did not participate in this survey,Yes,Alone,Yes,0,No,No,Yes,Yes,Did not participate,Yes,"Reddit, WakingTitan Phase 2 Discord",No,I don't have an ETARC account,Yes,,10,5000
8/3/2017 17:24:51,AWK,Phase 2,,,,,,Yes,"Steam ID, Discord Username",Yes,Yes,Yes,No,You are in control,Yes,Yes,Yes,Yes,Yes,No,No,Yes,16,Yes,Alone,Yes,2,Yes,No,Yes,Yes,Periscope,No,"NMS Discord, WakingTitan Phase 2 Discord",No,I don't have an ETARC account,Yes,,7,10000
8/3/2017 17:24:54,WT-01,Phase 2,,,,,,Yes,"Steam ID, Reddit Username, Discord Username, My Real Name",Yes,Yes,I don't remember my answer,Yes,You are in control,Yes,Yes,I don't remember my answer,Yes,No,I did not participate in this survey,I did not participate in this survey,I did not participate in this survey,I did not participate in this survey,No,I did not participate in this survey,I did not participate in this survey,1,Yes,Yes,Yes,Yes,Periscope,No,"Reddit, NMS Discord",No,I don't have an ETARC account,Yes,,7,25000
8/3/2017 17:25:40,PB-16,Phase 1,"Sigil 1, Sigil 2, Sigil 3, Sigil 4, Sigil 5, Sigil 6",Yes,Yes,"info@multiverse-75.com (With the subject line ""817IDAS""), info@multiverse-75.com (With the subject line ""Algebraic Topology), nocturne@myriad-70.com, jjwong@myriad-70.com",Yes,Yes,Discord Username,Yes,Yes,I don't remember my answer,No,I don't remember my answer,No,No,No,Yes,Yes,No,No,Yes,The Battle of Hastings,Yes,I don't remember my answer,Yes,1,Yes,No,Yes,Yes,Periscope,No,"Reddit, ETARC, GameDetectives, NMS Discord",Yes,Yes,Yes,No,9,10000
8/3/2017 17:25:40,16-A (sometimes referred to as A-16),Phase 1,"Sigil 1, Sigil 2, Sigil 3, Sigil 4, Sigil 5, Sigil 6",No,I did not send any emails,,Yes,Yes,"Steam ID, PSN, Reddit Username, Discord Username, ETARC Username",Yes,Yes,Yes,No,Someone else is in control,I don't remember my answer,I don't remember my answer,Yes,Yes,Yes,I don't remember my answer,No,Yes,16,Yes,With others,I don't remember my answer,1,Yes,No,Yes,Yes,Waking Titan Twitch,No,"Reddit, ETARC, GameDetectives, NMS Discord",Yes,Yes,Yes,No,8,4000
8/3/2017 17:25:48,L-15,Phase 2,,,,,,Yes,"Steam ID, PSN, Reddit Username, Discord Username, ETARC Username",Yes,Yes,I don't remember my answer,Yes,You are in control,Yes,Yes,No,Yes,Yes,I don't remember my answer,No,Yes,Orion,Yes,With others,Yes,0,No,Yes,Yes,Yes,Waking Titan Twitch,No,"Reddit, ETARC, NMS Discord, WakingTitan Phase 2 Discord, Twitch",Yes,Yes,Yes,No,7,6500
8/3/2017 17:26:20,16-A (sometimes referred to as A-16),Phase 1,,No,I did not send any emails,,Yes,Yes,,Yes,Yes,Yes,Yes,Someone else is in control,Yes,No,Yes,Yes,Yes,Yes,Yes,Yes,The Battle of Hastings,Yes,With others,Yes,3,Yes,Yes,Yes,Yes,Waking Titan Twitch,No,NMS Discord,No,I don't have an ETARC account,Yes,No,2,3000
8/3/2017 17:26:23,L-15,Phase 1,"Sigil 1, Sigil 2, Sigil 3, Sigil 4, Sigil 5, Sigil 6",No,I did not send any emails,,Yes,Yes,"PSN, Reddit Username, Discord Username, My Real Name",Yes,Yes,Yes,Yes,Someone else is in control,Yes,Yes,Yes,Yes,Yes,Yes,No,Yes,I don't remember my answer,Yes,With others,I don't remember my answer,0,I did not submit any pictures,Yes,Yes,Yes,Periscope,No,"Reddit, NMS Discord",Yes,Yes,No,No,5,1500
8/3/2017 17:27:13,16-A (sometimes referred to as A-16),I don't know,,Yes,Yes,nocturne@myriad-70.com,Can't remember,Yes,"Steam ID, Reddit Username, ETARC Username",Yes,Yes,I don't remember my answer,No,I don't remember my answer,Yes,I don't remember my answer,Yes,Yes,No,I did not participate in this survey,I did not participate in this survey,I did not participate in this survey,I did not participate in this survey,No,I did not participate in this survey,I did not participate in this survey,0,I did not submit any pictures,No,No,No,Periscope,No,"Reddit, GameDetectives, NMS Discord",Yes,Yes,No,No,6,5000
8/3/2017 17:27:24,G-19,Phase 1,"Sigil 1, Sigil 2, Sigil 3, Sigil 4",No,I did not send any emails,,Can't remember,Yes,My Real Name,I did not participate in this survey,I did not participate in this survey,I did not participate in this survey,I did not participate in this survey,I did not participate in this survey,I did not participate in this survey,I did not participate in this survey,I did not participate in this survey,I did not participate in this survey,Yes,Yes,No,Yes,16,Yes,Alone,Yes,0,I did not submit any pictures,No,No,No,Did not participate,No,,No,I don't have an ETARC account,No,No,4,10000
8/3/2017 17:29:59,G-17,Phase 2,,,,,,Yes,PSN,Yes,Yes,Yes,No,You are in control,Yes,No,Yes,Yes,No,I did not participate in this survey,I did not participate in this survey,I did not participate in this survey,I did not participate in this survey,No,I did not participate in this survey,I did not participate in this survey,0,I did not submit any pictures,No,No,No,Did not participate,No,"Reddit, ETARC, GameDetectives, NMS Discord, WakingTitan Phase 2 Discord",No,I don't have an ETARC account,Yes,No,7,10000
8/3/2017 17:30:09,AWK,Phase 2,,,,,,Yes,Steam ID,Yes,Yes,Yes,No,Someone else is in control,I don't remember my answer,No,I don't remember my answer,Yes,Yes,No,No,Yes,I don't remember my answer,Yes,With others,Yes,5,Yes,Yes,No,I don't remember.,Waking Titan Twitch,No,"GameDetectives, WakingTitan Phase 2 Discord, Facebook CSD",No,I don't have an ETARC account,No,No,9,15000
8/3/2017 17:30:33,16-A (sometimes referred to as A-16),Phase 1,"Sigil 1, Sigil 2, Sigil 3, Sigil 4, Sigil 5, Sigil 6",No,I did not send any emails,,Yes,Yes,"Steam ID, Discord Username",Yes,Yes,Yes,Yes,Someone else is in control,Yes,Yes,Yes,Yes,Yes,Yes,No,Yes,16,Yes,With others,Yes,1,Yes,No,Yes,Yes,Periscope,No,"NMS Discord, WakingTitan Phase 2 Discord",No,I don't have an ETARC account,Yes,No,8,3500
8/3/2017 17:30:39,AWK,Phase 2,,,,,,Yes,"Steam ID, Reddit Username, Discord Username",Yes,Yes,Yes,Yes,You are in control,No,Yes,I don't remember my answer,Yes,Yes,I don't remember my answer,Yes,Yes,I don't remember my answer,Yes,With others,Yes,7,Yes,Yes,No,Yes,Did not participate,No,WakingTitan Phase 2 Discord,No,I don't have an ETARC account,Yes,No,7,15000
8/3/2017 17:31:00,none,I don't know,,No,I did not send any emails,,Can't remember,No,,Yes,Yes,Yes,Yes,You are in control,Yes,Yes,No,No,No,Yes,I did not participate in this survey,Yes,Orion,No,I did not participate in this survey,No,0,No,No,No,No,Did not participate,No,"Reddit, NMS Discord",No,I don't have an ETARC account,No,No,1,150
8/3/2017 17:32:36,HG-16,Phase 1,"Sigil 1, Sigil 2, Sigil 3, Sigil 4, Sigil 5, Sigil 6",Yes,Yes,"info@multiverse-75.com (With the subject line ""817IDAS""), info@multiverse-75.com (With the subject line ""Algebraic Topology), nocturne@myriad-70.com",Yes,Yes,"Steam ID, Discord Username",Yes,Yes,Yes,Yes,Someone else is in control,Yes,Yes,Yes,Yes,Yes,No,Yes,Yes,16,Yes,Alone,Yes,4,Yes,Yes,Yes,Yes,Periscope,Yes,"Reddit, NMS Discord",Yes,Yes,Yes,Yes,9,4000
8/3/2017 17:33:21,AWK,Phase 2,,,,,,Yes,Steam ID,Yes,Yes,Yes,No,Someone else is in control,No,No,Yes,Yes,Yes,No,No,Yes,I don't remember my answer,Yes,With others,Yes,5,Yes,Yes,No,No,Waking Titan Twitch,No,"WakingTitan Phase 2 Discord, Facebook CSD",No,I don't have an ETARC account,No,No,9,15000
8/3/2017 17:33:24,16-A (sometimes referred to as A-16),Phase 2,,,,,,Yes,PSN,Yes,Yes,Yes,No,You are in control,Yes,Yes,Yes,Yes,Yes,Yes,No,Yes,Orion,Yes,Alone,Yes,0,I did not submit any pictures,No,No,Yes,Periscope,No,WakingTitan Phase 2 Discord,No,I don't have an ETARC account,Yes,No,8,18000
8/3/2017 17:34:08,HG-16,Phase 1,"Sigil 1, Sigil 2, Sigil 3, Sigil 4, Sigil 5, Sigil 6",No,No,,No,Yes,"Steam ID, PSN, Reddit Username, Discord Username",Yes,Yes,Yes,Yes,You are in control,Yes,No,Yes,Yes,Yes,Yes,No,No,16,Yes,With others,Yes,1,Yes,No,Yes,Yes,Periscope,No,"Reddit, WakingTitan Phase 2 Discord",No,I don't have an ETARC account,Yes,No,8,50000
8/3/2017 17:34:23,16-A (sometimes referred to as A-16),Phase 1,,No,I did not send any emails,,Yes,Yes,Reddit Username,I don't remember my answer,Yes,Yes,No,Someone else is in control,Yes,Yes,Yes,Yes,Yes,Yes,No,I don't remember my answer,I don't remember my answer,Yes,Alone,Yes,1,Yes,Yes,Yes,Yes,Periscope,No,"Reddit, NMS Discord",No,I don't have an ETARC account,Yes,No,5,100000
8/3/2017 17:35:14,L-15,Phase 1,,I don't remember.,No,,Yes,Yes,"PSN, Reddit Username, Discord Username, My Real Name",Yes,Yes,Yes,Yes,You are in control,Yes,I don't remember my answer,Yes,No,Yes,Yes,Yes,Yes,Orion,Yes,With others,Yes,5,I don't remember,Yes,Yes,I don't remember.,Waking Titan Twitch,No,"Reddit, GameDetectives, NMS Discord, WakingTitan Phase 2 Discord",No,I don't have an ETARC account,Yes,No,8,35000
8/3/2017 17:35:33,L-15,Phase 2,,,,,,Yes,"PSN, Discord Username",Yes,Yes,Yes,Yes,Someone else is in control,Yes,Yes,Yes,Yes,Yes,Yes,No,Yes,The Battle of Hastings,Yes,With others,Yes,1,Yes,Yes,Yes,Yes,Did not participate,No,WakingTitan Phase 2 Discord,No,I don't have an ETARC account,Yes,No,2,5000
8/3/2017 17:36:02,PB-16,I don't know,"Sigil 1, Sigil 2, Sigil 3, Sigil 4, Sigil 5, Sigil 6",No,I did not send any emails,,Can't remember,Yes,"Steam ID, Discord Username",Yes,Yes,Yes,Yes,Someone else is in control,Yes,I don't remember my answer,Yes,Yes,Yes,I don't remember my answer,No,Yes,Hyperion,Yes,With others,Yes,1,Yes,No,Yes,Yes,Periscope,No,"GameDetectives, NMS Discord",No,I don't have an ETARC account,Yes,No,10,7600
8/3/2017 17:37:23,HG-16,Phase 1,"Sigil 1, Sigil 2, Sigil 3, Sigil 4, Sigil 5, Sigil 6",I don't remember.,I did not send any emails,,Can't remember,Yes,"PSN, Reddit Username",Yes,Yes,Yes,No,You are in control,Yes,Yes,Yes,Yes,Yes,Yes,No,Yes,16,Yes,Alone,Yes,2,Yes,Yes,Yes,Yes,Waking Titan Twitch,No,Reddit,No,I don't have an ETARC account,Yes,No,5,25000
8/3/2017 17:37:26,16-A (sometimes referred to as A-16),Phase 1,"Sigil 1, Sigil 2, Sigil 3, Sigil 4, Sigil 5, Sigil 6",No,I did not send any emails,,No,Yes,Discord Username,Yes,Yes,Yes,Yes,Someone else is in control,Yes,Yes,Yes,Yes,Yes,Yes,No,Yes,16,Yes,Alone,Yes,2,Yes,No,Yes,Yes,Periscope,No,"Reddit, WakingTitan Phase 2 Discord",No,I don't have an ETARC account,Yes,No,10,10000
8/3/2017 17:37:34,L-15,Phase 1,,No,I did not send any emails,,Can't remember,Yes,My Real Name,Yes,Yes,Yes,Yes,I don't remember my answer,I don't remember my answer,I don't remember my answer,No,Yes,Yes,Yes,No,No,Orion,Yes,Alone,Yes,0,I did not submit any pictures,No,Yes,No,Did not participate,No,Reddit,No,I don't have an ETARC account,No,No,5,5000
8/3/2017 17:38:03,16-A (sometimes referred to as A-16),Phase 1,"Sigil 1, Sigil 2, Sigil 3, Sigil 4, Sigil 5, Sigil 6",Yes,Yes,"info@multiverse-75.com (With the subject line ""817IDAS""), nocturne@myriad-70.com",Yes,Yes,Steam ID,Yes,Yes,Yes,Yes,You are in control,Yes,Yes,Yes,Yes,Yes,Yes,Yes,Yes,Hyperion,Yes,Alone,Yes,4,Yes,No,Yes,Yes,Waking Titan Twitch,No,"Reddit, NMS Discord",No,I don't have an ETARC account,Yes,No,10,8600
8/3/2017 17:38:49,16-A (sometimes referred to as A-16),Phase 1,"Sigil 1, Sigil 2, Sigil 3, Sigil 4, Sigil 5, Sigil 6",I don't remember.,I did not send any emails,,Yes,Yes,My Real Name,Yes,Yes,Yes,Yes,You are in control,Yes,Yes,I don't remember my answer,Yes,Yes,I don't remember my answer,No,Yes,16,Yes,Alone,I don't remember my answer,1,Yes,No,Yes,Yes,Periscope,No,,No,I don't have an ETARC account,Yes,No,8,15000
8/3/2017 17:39:02,G-17,Phase 1,"Sigil 1, Sigil 2, Sigil 3, Sigil 4, Sigil 5, Sigil 6",Yes,No,,Can't remember,Yes,Steam ID,I don't remember my answer,Yes,Yes,No,Someone else is in control,Yes,Yes,I don't remember my answer,Yes,Yes,Yes,Yes,Yes,Hyperion,No,I did not participate in this survey,I did not participate in this survey,0,I did not submit any pictures,No,I don't remember.,I don't remember.,Did not participate,No,,Yes,Yes,Yes,No,8,1000
8/3/2017 17:39:12,16-A (sometimes referred to as A-16),Phase 1,"Sigil 1, Sigil 2, Sigil 3, Sigil 4, Sigil 5, Sigil 6",No,I did not send any emails,,Can't remember,Yes,Reddit Username,No,Yes,I don't remember my answer,No,You are in control,I don't remember my answer,I don't remember my answer,I don't remember my answer,No,Yes,Yes,No,Yes,I don't remember my answer,Yes,With others,I don't remember my answer,0,I did not submit any pictures,Yes,Yes,Yes,Periscope,Yes,Reddit,No,I don't have an ETARC account,Yes,No,9,500000
8/3/2017 17:39:23,G-17,Phase 2,,,,,,Yes,Discord Username,Yes,Yes,Yes,Yes,Someone else is in control,Yes,Yes,Yes,Yes,No,I did not participate in this survey,I did not participate in this survey,I did not participate in this survey,I did not participate in this survey,No,I did not participate in this survey,I did not participate in this survey,0,I did not submit any pictures,No,No,No,Did not participate,No,"Reddit, WakingTitan Phase 2 Discord",No,I don't have an ETARC account,Yes,No,3,15000
8/3/2017 17:39:32,16-A (sometimes referred to as A-16),Phase 2,,,,,,Yes,,Yes,Yes,I don't remember my answer,Yes,Someone else is in control,Yes,No,Yes,Yes,Yes,Yes,No,No,Hyperion,Yes,Alone,Yes,3,Yes,Yes,Yes,Yes,Waking Titan Twitch,No,"Reddit, ETARC, GameDetectives, NMS Discord",Yes,Yes,Yes,No,6,5000
8/3/2017 17:40:17,L-15,Phase 1,,I don't remember.,Yes,,Yes,Yes,PSN,Yes,,Yes,Yes,You are in control,Yes,Yes,Yes,Yes,Yes,Yes,No,Yes,16,Yes,With others,Yes,5,Yes,No,Yes,Yes,Waking Titan Twitch,No,"Reddit, GameDetectives, NMS Discord",No,I don't have an ETARC account,Yes,No,8,15000
8/3/2017 17:40:25,L-15,Phase 1,"Sigil 5, Sigil 6",Yes,Yes,nocturne@myriad-70.com,Can't remember,Yes,My Real Name,Yes,Yes,Yes,I don't remember my answer,You are in control,I don't remember my answer,No,Yes,Yes,Yes,Yes,No,Yes,I don't remember my answer,Yes,With others,Yes,1,Yes,No,Yes,Yes,Periscope,No,"Reddit, ETARC, WakingTitan Phase 2 Discord",Yes,No,Yes,No,7,7500
8/3/2017 17:41:08,16-A (sometimes referred to as A-16),Phase 1,,I don't remember.,Yes,,No,Yes,Reddit Username,Yes,Yes,Yes,No,You are in control,No,Yes,Yes,Yes,Yes,I don't remember my answer,No,Yes,Orion,Yes,Alone,Yes,1,Yes,No,Yes,Yes,Periscope,No,Reddit,No,I don't have an ETARC account,No,No,4,23426
8/3/2017 17:41:54,L-15,Phase 1,"Sigil 1, Sigil 2, Sigil 3, Sigil 4, Sigil 5, Sigil 6",No,I did not send any emails,,Yes,Yes,"Steam ID, PSN, Reddit Username, Discord Username",Yes,Yes,Yes,Yes,You are in control,Yes,Yes,No,Yes,Yes,No,No,Yes,Hyperion,Yes,Alone,Yes,1,Yes,Yes,Yes,Yes,Did not participate,No,"Reddit, NMS Discord, WakingTitan Phase 2 Discord",Yes,Yes,Yes,No,5,50000
8/3/2017 17:43:33,16-A (sometimes referred to as A-16),Phase 1,"Sigil 1, Sigil 2, Sigil 3, Sigil 4, Sigil 5, Sigil 6",Yes,Yes,"info@multiverse-75.com (With the subject line ""817IDAS"")",Yes,Yes,,Yes,Yes,Yes,No,Someone else is in control,Yes,I don't remember my answer,Yes,Yes,Yes,I don't remember my answer,No,Yes,16,Yes,Alone,Yes,1,Yes,Yes,Yes,Yes,Waking Titan Twitch,Yes,"Reddit, ETARC, GameDetectives, NMS Discord",No,I don't have an ETARC account,Yes,No,9,2000
8/3/2017 17:44:01,16-A (sometimes referred to as A-16),Phase 1,"Sigil 1, Sigil 2, Sigil 3, Sigil 4, Sigil 5, Sigil 6",Yes,Yes,"info@multiverse-75.com (With the subject line ""817IDAS""), info@multiverse-75.com (With the subject line ""Algebraic Topology), nocturne@myriad-70.com",Yes,Yes,Discord Username,Yes,Yes,Yes,Yes,I don't remember my answer,Yes,Yes,Yes,Yes,Yes,I don't remember my answer,No,Yes,16,Yes,Alone,Yes,2,Yes,Yes,Yes,Yes,Periscope,No,"Reddit, ETARC, GameDetectives, NMS Discord",Yes,Yes,Yes,No,7,7000
8/3/2017 17:44:05,L-15,Phase 1,Sigil 1,I don't remember.,I did not send any emails,,No,Yes,,Yes,Yes,I don't remember my answer,I don't remember my answer,You are in control,I don't remember my answer,I don't remember my answer,I don't remember my answer,Yes,Yes,Yes,No,Yes,I don't remember my answer,Yes,Alone,I don't remember my answer,1,Yes,No,Yes,Yes,Periscope,No,"Reddit, ETARC, NMS Discord, WakingTitan Phase 2 Discord",Yes,Yes,Yes,No,6,250
8/3/2017 17:44:40,HG-16,Phase 1,"Sigil 1, Sigil 2, Sigil 3, Sigil 4, Sigil 5, Sigil 6",No,I did not send any emails,,Yes,Yes,,Yes,Yes,Yes,Yes,Someone else is in control,Yes,No,No,Yes,Yes,Yes,I don't remember my answer,Yes,16,Yes,Alone,Yes,1,Yes,No,Yes,Yes,Did not participate,No,"Reddit, NMS Discord, WakingTitan Phase 2 Discord",No,I don't have an ETARC account,Yes,No,7,100000
8/3/2017 17:45:48,G-19,Phase 2,,,,,,Yes,None,Yes,Yes,Yes,No,I don't remember my answer,No,I don't remember my answer,Yes,Yes,Yes,Yes,No,Yes,Hyperion,Yes,With others,Yes,1,Yes,No,Yes,Yes,Waking Titan Twitch,No,Reddit,No,I don't have an ETARC account,Yes,No,6,5000
8/3/2017 17:46:40,AWK,Phase 2,,,,,,Yes,"PSN, Reddit Username, Discord Username",Yes,Yes,Yes,Yes,Someone else is in control,Yes,Yes,Yes,Yes,Yes,Yes,No,Yes,Hyperion,Yes,Alone,Yes,5,Yes,No,Yes,Yes,Periscope,No,"Reddit, WakingTitan Phase 2 Discord",No,I don't have an ETARC account,No,No,4,1800
8/3/2017 17:48:01,G-17,Phase 2,,,,,,Yes,,Yes,Yes,Yes,Yes,You are in control,Yes,Yes,Yes,Yes,No,I did not participate in this survey,I did not participate in this survey,I did not participate in this survey,I did not participate in this survey,No,I did not participate in this survey,I did not participate in this survey,1,Yes,Yes,No,No,Did not participate,No,,No,I don't have an ETARC account,No,No,3,5000
8/3/2017 17:49:24,HG-16,Phase 1,"Sigil 1, Sigil 2, Sigil 3, Sigil 4, Sigil 5, Sigil 6",Yes,Yes,"Info@myraid, info@atlas-65, sales@atlas-65, sales@myriad, several others - no extremely special responses though",No,Yes,"Steam ID, Reddit Username, Discord Username, ETARC Username",No,Yes,Yes,Yes,You are in control,Yes,No,Yes,Yes,No,I did not participate in this survey,I did not participate in this survey,I did not participate in this survey,I did not participate in this survey,Yes,With others,Yes,3,Yes,Yes,Yes,Yes,Did not participate,Yes,NMS Discord,Yes,Yes,Yes,No,8,14000
8/3/2017 17:49:52,L-15,Phase 2,,,,,,Yes,"Steam ID, PSN",Yes,Yes,Yes,No,You are in control,Yes,Yes,Yes,Yes,Yes,I don't remember my answer,Yes,Yes,16,Yes,With others,Yes,5,Yes,Yes,Yes,Yes,Waking Titan Twitch,No,WakingTitan Phase 2 Discord,No,I don't have an ETARC account,Yes,No,8,16
8/3/2017 17:50:47,16-A (sometimes referred to as A-16),Phase 1,,No,I did not send any emails,,Can't remember,Yes,Reddit Username,Yes,Yes,Yes,I don't remember my answer,Someone else is in control,No,I don't remember my answer,Yes,No,Yes,I don't remember my answer,Yes,Yes,16,Yes,Alone,I don't remember my answer,4,No,No,Yes,Yes,Periscope,No,"Reddit, NMS Discord",No,I don't have an ETARC account,I don't remember,No,7,100000
8/3/2017 17:55:34,16-A (sometimes referred to as A-16),Phase 2,,,,,,Yes,My Real Name,No,Yes,Yes,I don't remember my answer,I don't remember my answer,I don't remember my answer,I don't remember my answer,I don't remember my answer,Yes,Yes,Yes,I don't remember my answer,No,16,Yes,Alone,Yes,1,Yes,No,Yes,Yes,Waking Titan Twitch,No,Reddit,No,I don't have an ETARC account,Yes,No,2,2000
8/3/2017 18:00:25,HG-16,Phase 1,,I don't remember.,Yes,,Yes,Yes,Steam ID,Yes,Yes,Yes,Yes,I don't remember my answer,Yes,Yes,Yes,Yes,Yes,Yes,Yes,I don't remember my answer,I don't remember my answer,Yes,Alone,Yes,0,I did not submit any pictures,No,Yes,Yes,Did not participate,No,,No,I don't have an ETARC account,I don't remember,No,1,
8/3/2017 18:04:08,L-15,Phase 2,,,,,,Yes,Reddit Username,Yes,Yes,Yes,Yes,You are in control,No,Yes,Yes,Yes,Yes,Yes,Yes,Yes,I don't remember my answer,Yes,With others,Yes,0,I did not submit any pictures,No,Yes,Yes,Periscope,No,Reddit,Yes,Yes,No,No,3,2000
8/3/2017 18:10:44,16-A (sometimes referred to as A-16),Phase 1,"Sigil 1, Sigil 2, Sigil 3, Sigil 4, Sigil 5",No,No,,Yes,Yes,Reddit Username,Yes,Yes,Yes,Yes,Someone else is in control,Yes,Yes,Yes,Yes,Yes,Yes,No,Yes,16,Yes,Alone,Yes,15,Yes,Yes,Yes,Yes,Periscope,No,"Reddit, WakingTitan Phase 2 Discord",No,I don't have an ETARC account,Yes,No,7,2500
8/3/2017 18:19:28,HG-16,Phase 1,"Sigil 1, Sigil 2, Sigil 3, Sigil 4, Sigil 5, Sigil 6",No,I did not send any emails,,Yes,Yes,Discord Username,No,Yes,Yes,Yes,You are in control,Yes,No,Yes,Yes,Yes,No,No,Yes,16,Yes,With others,Yes,1,Yes,No,Yes,Yes,Periscope,No,Discord,No,I don't have an ETARC account,Yes,No,9,25000
8/3/2017 18:21:40,I Don't Know,Phase 1,,I don't remember.,I did not send any emails,,Can't remember,Yes,,No,Yes,No,No,You are in control,Yes,No,No,Yes,Yes,No,No,Yes,16,Yes,Alone,Yes,1,Yes,No,Yes,Yes,Waking Titan Twitch,Yes,,No,I don't have an ETARC account,No,No,6,10000
8/3/2017 18:22:13,16-A (sometimes referred to as A-16),Phase 1,"Sigil 1, Sigil 2, Sigil 3, Sigil 4, Sigil 5, Sigil 6",Yes,Yes,"info@multiverse-75.com (With the subject line ""Algebraic Topology)",Yes,Yes,Reddit Username,Yes,Yes,Yes,Yes,You are in control,Yes,Yes,Yes,Yes,Yes,I don't remember my answer,No,Yes,16,Yes,Alone,Yes,3,Yes,No,Yes,Yes,Did not participate,No,"Reddit, GameDetectives, NMS Discord",No,I don't have an ETARC account,Yes,No,9,8000
8/3/2017 18:22:41,PB-16,Phase 1,"Sigil 1, Sigil 2, Sigil 3, Sigil 4, Sigil 5, Sigil 6",No,I did not send any emails,,Yes,Yes,"Steam ID, Reddit Username",Yes,Yes,Yes,No,I don't remember my answer,Yes,No,Yes,Yes,Yes,No,No,Yes,16,Yes,Alone,Yes,1,Yes,No,Yes,Yes,Waking Titan Twitch,No,Reddit,No,I don't have an ETARC account,Yes,No,7,23000
8/3/2017 18:22:56,16-A (sometimes referred to as A-16),Phase 1,,No,I did not send any emails,,Yes,Yes,Reddit Username,Yes,Yes,Yes,Yes,You are in control,Yes,No,No,Yes,Yes,Yes,No,Yes,16,Yes,Alone,Yes,1,Yes,No,Yes,Yes,Periscope,No,Reddit,No,I don't have an ETARC account,No,Yes,5,3000
8/3/2017 18:26:53,16-A (sometimes referred to as A-16),Phase 1,"Sigil 1, Sigil 2, Sigil 3, Sigil 4, Sigil 5, Sigil 6",Yes,Yes,info@atlas-65.com,Yes,Yes,nickname,Yes,Yes,Yes,No,I don't remember my answer,Yes,Yes,Yes,Yes,Yes,Yes,No,Yes,The Battle of Hastings,Yes,Alone,Yes,6,Yes,Yes,Yes,Yes,Did not participate,Yes,"Reddit, GameDetectives, NMS Discord",No,I don't have an ETARC account,Yes,No,10,+8000
8/3/2017 18:29:32,16-A (sometimes referred to as A-16),Phase 1,"Sigil 1, Sigil 2, Sigil 3, Sigil 4, Sigil 5, Sigil 6",I don't remember.,No,,Yes,Yes,"Steam ID, PSN, Reddit Username",Yes,Yes,Yes,No,Someone else is in control,Yes,No,Yes,Yes,Yes,Yes,Yes,Yes,16,Yes,Alone,No,5,Yes,Yes,Yes,Yes,Waking Titan Twitch,No,Reddit,No,I don't have an ETARC account,Yes,No,7,5000
8/3/2017 18:33:17,L-15,Phase 1,,No,I did not send any emails,,No,Yes,My Real Name,Yes,Yes,I don't remember my answer,I don't remember my answer,I don't remember my answer,Yes,Yes,No,Yes,No,I did not participate in this survey,I did not participate in this survey,I did not participate in this survey,I did not participate in this survey,No,I did not participate in this survey,I did not participate in this survey,0,I did not submit any pictures,No,No,No,Did not participate,No,,No,I don't have an ETARC account,No,No,1,20000
8/3/2017 18:35:45,HG-16,Phase 1,"Sigil 1, Sigil 2, Sigil 3, Sigil 4, Sigil 5, Sigil 6",No,I did not send any emails,,Can't remember,Yes,"Steam ID, Reddit Username, Discord Username",Yes,Yes,Yes,Yes,You are in control,Yes,Yes,Yes,Yes,Yes,Yes,Yes,Yes,I don't remember my answer,Yes,With others,Yes,1,Yes,No,Yes,Yes,Periscope,Yes,"Reddit, GameDetectives, NMS Discord",No,I don't have an ETARC account,Yes,No,8,8265
8/3/2017 18:41:08,L-15,Phase 2,,,,,,Yes,PSN,Yes,Yes,Yes,No,You are in control,Yes,Yes,Yes,Yes,Yes,Yes,Yes,Yes,Orion,Yes,Alone,Yes,0,No,No,Yes,Yes,Waking Titan Twitch,No,Reddit,No,No,No,No,6,7
8/3/2017 18:41:50,WT-01,I don't know,,No,No,,No,No,,Yes,Yes,Yes,No,I don't remember my answer,Yes,Yes,Yes,Yes,No,I did not participate in this survey,I did not participate in this survey,I did not participate in this survey,I did not participate in this survey,No,I did not participate in this survey,No,0,I did not submit any pictures,No,No,Yes,Periscope,No,,No,No,No,No,1,500
8/3/2017 19:12:19,16-A (sometimes referred to as A-16),Phase 1,,No,I did not send any emails,,Yes,Yes,,Yes,Yes,Yes,I don't remember my answer,Someone else is in control,Yes,Yes,Yes,Yes,Yes,Yes,Yes,Yes,Orion,Yes,Alone,I don't remember my answer,2,Yes,Yes,Yes,Yes,Periscope,No,Reddit,No,I don't have an ETARC account,I don't remember,No,8,2000
8/3/2017 19:56:35,16-A (sometimes referred to as A-16),Phase 1,"Sigil 1, Sigil 2, Sigil 3, Sigil 4",No,I did not send any emails,,Yes,Yes,"Steam ID, PSN, Reddit Username, Discord Username",Yes,Yes,Yes,Yes,Someone else is in control,Yes,Yes,Yes,Yes,Yes,Yes,Yes,Yes,16,Yes,With others,Yes,2,Yes,Yes,Yes,Yes,Periscope,No,"Reddit, WakingTitan Phase 2 Discord",No,I don't have an ETARC account,No,No,6,9000
8/3/2017 19:59:56,AWK,I don't know,"Sigil 1, Sigil 2, Sigil 3, Sigil 4, Sigil 5, Sigil 6",I don't remember.,Yes,"info@multiverse-75.com (With the subject line ""Algebraic Topology)",Yes,Yes,random,No,Yes,Yes,Yes,Someone else is in control,Yes,Yes,I don't remember my answer,Yes,Yes,Yes,No,Yes,Hyperion,Yes,Alone,Yes,1,Yes,No,Yes,Yes,Did not participate,No,Reddit,No,I don't have an ETARC account,Yes,No,6,900
8/3/2017 20:31:33,L-15,Phase 2,,,,,,Yes,World of Warcraft,Yes,Yes,Yes,Yes,You are in control,Yes,No,Yes,Yes,Yes,Yes,I don't remember my answer,Yes,16,Yes,Alone,Yes,1,Yes,No,Yes,Yes,Did not participate,No,"Reddit, GameDetectives, WakingTitan Phase 2 Discord",No,I don't have an ETARC account,Yes,No,5,50000
8/3/2017 20:48:07,L-15,Phase 1,"Sigil 1, Sigil 2, Sigil 3, Sigil 4, Sigil 5, Sigil 6",Yes,Yes,,Can't remember,Yes,"Steam ID, PSN, Reddit Username",Yes,Yes,Yes,No,You are in control,Yes,Yes,Yes,Yes,Yes,Yes,No,Yes,16,Yes,Alone,Yes,1,Yes,Yes,Yes,Yes,Waking Titan Twitch,No,Reddit,No,I don't have an ETARC account,Yes,No,10,5000
8/3/2017 20:50:51,L-15,Phase 2,,,,,,Yes,My Real Name,No,Yes,Yes,Yes,Someone else is in control,Yes,Yes,Yes,Yes,Yes,Yes,No,Yes,16,No,I did not participate in this survey,I did not participate in this survey,0,I did not submit any pictures,Yes,Yes,Yes,Waking Titan Twitch,No,,No,I don't have an ETARC account,Yes,No,6,20000
8/3/2017 20:58:16,L-15,Phase 2,,,,,,Yes,Discord Username,Yes,Yes,Yes,No,You are in control,Yes,No,Yes,Yes,Yes,Yes,No,Yes,16,Yes,Alone,Yes,0,I did not submit any pictures,No,Yes,No,Periscope,Yes,"NMS Discord, WakingTitan Phase 2 Discord",No,I don't have an ETARC account,I don't remember,No,5,2500
8/3/2017 20:59:15,WT-01,Phase 2,,,,,,Yes,Discord Username,Yes,Yes,No,I don't remember my answer,You are in control,Yes,I don't remember my answer,Yes,No,No,I did not participate in this survey,I did not participate in this survey,I did not participate in this survey,I did not participate in this survey,No,I did not participate in this survey,I did not participate in this survey,0,I did not submit any pictures,Yes,Yes,Yes,Periscope,No,WakingTitan Phase 2 Discord,No,I don't have an ETARC account,No,No,3,10000
8/3/2017 21:37:02,WT-01,Phase 2,,,,,,Yes,"Steam ID, Reddit Username",No,Yes,Yes,Yes,You are in control,Yes,I don't remember my answer,No,Yes,No,I did not participate in this survey,I did not participate in this survey,I did not participate in this survey,I did not participate in this survey,Yes,Alone,I don't remember my answer,1,Yes,No,No,Yes,Did not participate,No,Reddit,No,I don't have an ETARC account,Yes,No,3,2500
8/3/2017 22:24:02,16-A (sometimes referred to as A-16),Phase 1,"Sigil 1, Sigil 2, Sigil 3, Sigil 4",No,I did not send any emails,,Can't remember,Yes,Steam ID,Yes,Yes,Yes,I don't remember my answer,You are in control,Yes,Yes,Yes,Yes,Yes,Yes,Yes,Yes,Orion,Yes,Alone,Yes,1,Yes,No,Yes,Yes,Waking Titan Twitch,No,Reddit,No,I don't have an ETARC account,No,No,6,
8/3/2017 22:53:37,G-17,Phase 2,,,,,,Yes,Nickname,Yes,Yes,Yes,Yes,Someone else is in control,Yes,Yes,No,Yes,No,I did not participate in this survey,I did not participate in this survey,I did not participate in this survey,I did not participate in this survey,No,I did not participate in this survey,I did not participate in this survey,0,I did not submit any pictures,No,I don't remember.,No,Did not participate,No,Reddit,No,I don't have an ETARC account,Yes,No,5,600
8/4/2017 1:39:03,L-15,Phase 2,,,,,,Yes,Steam ID,No,Yes,Yes,Yes,You are in control,Yes,No,No,Yes,Yes,Yes,Yes,Yes,16,Yes,Alone,Yes,0,I did not submit any pictures,No,Yes,Yes,Waking Titan Twitch,No,Reddit,No,I don't have an ETARC account,Yes,No,4,5000
8/4/2017 2:35:05,HG-16,Phase 1,"Sigil 1, Sigil 2, Sigil 3, Sigil 4, Sigil 5, Sigil 6",No,I did not send any emails,,No,Yes,Steam ID,Yes,Yes,Yes,Yes,Someone else is in control,I don't remember my answer,No,No,Yes,Yes,Yes,No,Yes,Hyperion,Yes,With others,Yes,0,I did not submit any pictures,No,Yes,Yes,Did not participate,No,,No,I don't have an ETARC account,Yes,No,3,10000
8/4/2017 3:02:45,L-15,Phase 1,,No,I did not send any emails,,Yes,Yes,,I don't remember my answer,Yes,Yes,Yes,You are in control,Yes,Yes,Yes,Yes,Yes,I don't remember my answer,I don't remember my answer,Yes,I don't remember my answer,Yes,Alone,I don't remember my answer,1,Yes,No,Yes,Yes,Waking Titan Twitch,No,Reddit,No,I don't have an ETARC account,No,No,7,
8/4/2017 3:06:58,L-15,Phase 2,,,,,,Yes,Steam ID,Yes,Yes,Yes,No,Someone else is in control,Yes,Yes,No,Yes,Yes,Yes,Yes,No,16,Yes,Alone,Yes,1,Yes,No,Yes,Yes,Did not participate,Yes,Reddit,No,I don't have an ETARC account,I don't remember,No,6,1000
8/4/2017 3:10:19,L-15,Phase 1,,No,I did not send any emails,,Yes,Yes,"I can't remember exactly. I either used my firstname + online nickname (which is same name as in NMS game and GOG account), or that nickname only",Yes,Yes,No,I don't remember my answer,I don't remember my answer,Yes,No,Yes,Yes,Yes,Yes,No,No,16,Yes,Alone,Yes,2,Yes,No,Yes,Yes,Waking Titan Twitch,No,Reddit,No,I don't have an ETARC account,No,No,7,317811
8/4/2017 3:22:13,HG-16,Phase 1,"Sigil 1, Sigil 2, Sigil 3, Sigil 4, Sigil 5, Sigil 6",No,I did not send any emails,,No,Yes,"Steam ID, Discord Username, The name I mostly use in the net",Yes,Yes,Yes,No,Someone else is in control,No,No,Yes,Yes,Yes,No,No,Yes,Orion,Yes,With others,Yes,2,Yes,Yes,Yes,Yes,Waking Titan Twitch,No,WakingTitan Phase 2 Discord,No,I don't have an ETARC account,Yes,No,6,8000
8/4/2017 3:28:22,16-A (sometimes referred to as A-16),I don't know,,No,I did not send any emails,,Can't remember,Yes,PSN,Yes,Yes,Yes,No,Someone else is in control,No,Yes,Yes,Yes,Yes,No,I don't remember my answer,Yes,Orion,Yes,Alone,Yes,20,Yes,Yes,Yes,Yes,Did not participate,Yes,"WakingTitan Phase 2 Discord, NMS Facebook",No,I don't have an ETARC account,Yes,No,7,100
8/4/2017 4:06:22,L-15,Phase 1,,I don't remember.,I did not send any emails,,Yes,Yes,"Steam ID, PSN, Reddit Username",Yes,Yes,Yes,Yes,Someone else is in control,Yes,Yes,Yes,Yes,Yes,Yes,Yes,Yes,Orion,Yes,Alone,Yes,0,Yes,No,No,I don't remember.,Did not participate,No,Reddit,No,I don't have an ETARC account,No,No,3,1000
8/4/2017 4:10:57,16-A (sometimes referred to as A-16),Phase 2,,,,,,Yes,"PSN, Reddit Username, Discord Username",Yes,Yes,Yes,Yes,You are in control,Yes,Yes,Yes,Yes,Yes,Yes,Yes,Yes,16,Yes,Alone,Yes,0,I did not submit any pictures,Yes,Yes,Yes,Waking Titan Twitch,No,"Reddit, NMS Discord",No,I don't have an ETARC account,Yes,No,4,3000
8/4/2017 4:18:30,16-A (sometimes referred to as A-16),Phase 1,"Sigil 1, Sigil 2, Sigil 3, Sigil 4, Sigil 5, Sigil 6",No,I did not send any emails,,Yes,Yes,"Steam ID, PSN, Reddit Username, Discord Username",I don't remember my answer,Yes,Yes,Yes,I don't remember my answer,I don't remember my answer,Yes,Yes,Yes,Yes,I don't remember my answer,I don't remember my answer,Yes,Orion,Yes,With others,Yes,2,Yes,No,Yes,Yes,Periscope,No,"Reddit, NMS Discord, WakingTitan Phase 2 Discord",No,I don't have an ETARC account,Yes,No,10,12000
8/4/2017 4:22:10,16-A (sometimes referred to as A-16),Phase 1,,No,I did not send any emails,,Yes,Yes,PSN,Yes,Yes,I don't remember my answer,Yes,I don't remember my answer,Yes,Yes,I don't remember my answer,Yes,Yes,I don't remember my answer,No,Yes,16,Yes,Alone,Yes,1,Yes,No,Yes,No,Did not participate,No,NMS Discord,No,I don't have an ETARC account,Yes,No,3,6000
8/4/2017 4:23:54,L-15,Phase 2,,,,,,Yes,"Steam ID, PSN, Reddit Username, Discord Username",Yes,Yes,Yes,I don't remember my answer,You are in control,Yes,I don't remember my answer,Yes,Yes,Yes,Yes,No,Yes,16,Yes,With others,Yes,8,Yes,Yes,Yes,Yes,Periscope,No,WakingTitan Phase 2 Discord,No,I don't have an ETARC account,No,No,9,9000
8/4/2017 4:28:27,L-15,Phase 2,,,,,,Yes,PSN,No,Yes,Yes,No,Someone else is in control,Yes,I don't remember my answer,Yes,Yes,Yes,Yes,No,Yes,The Battle of Hastings,Yes,I don't remember my answer,Yes,1,Yes,Yes,Yes,Yes,Periscope,No,"ETARC, WakingTitan Phase 2 Discord",Yes,No,Yes,No,7,5000
8/4/2017 5:02:06,AWK,Phase 2,,,,,,Yes,PSN,Yes,Yes,Yes,No,You are in control,Yes,Yes,Yes,Yes,Yes,Yes,I don't remember my answer,Yes,Hyperion,Yes,Alone,Yes,2,Yes,Yes,Yes,Yes,Did not participate,No,WakingTitan Phase 2 Discord,Yes,Yes,Yes,No,7,10000
8/4/2017 7:07:28,16-A (sometimes referred to as A-16),Phase 1,"Sigil 1, Sigil 2, Sigil 3, Sigil 4, Sigil 5, Sigil 6",Yes,Yes,Don't remember,Yes,Yes,"PSN, Reddit Username",Yes,Yes,Yes,Yes,You are in control,I don't remember my answer,No,No,Yes,Yes,No,No,Yes,16,Yes,Alone,Yes,1,Yes,Yes,Yes,Yes,Periscope,No,"Reddit, ETARC, WakingTitan Phase 2 Discord",Yes,Yes,Yes,No,6,10000
8/4/2017 8:45:34,L-15,Phase 2,,,,,,Yes,My Real Name,Yes,Yes,Yes,Yes,You are in control,Yes,Yes,Yes,Yes,Yes,Yes,No,Yes,Hyperion,Yes,Alone,Yes,1,Yes,No,Yes,Yes,Did not participate,No,"Reddit, GameDetectives",No,I don't have an ETARC account,Yes,No,7,1000
8/4/2017 9:17:32,16-A (sometimes referred to as A-16),Phase 2,,,,,,Yes,My Real Name,No,Yes,Yes,No,You are in control,No,No,No,Yes,Yes,Yes,No,No,16,Yes,Alone,Yes,1,Yes,No,Yes,Yes,Waking Titan Twitch,No,Reddit,No,I don't have an ETARC account,Yes,No,2,
8/4/2017 10:15:27,16-A (sometimes referred to as A-16),I don't know,,No,I did not send any emails,,Can't remember,Yes,My Real Name,No,Yes,I don't remember my answer,Yes,Someone else is in control,Yes,I don't remember my answer,No,Yes,Yes,I don't remember my answer,Yes,I don't remember my answer,I don't remember my answer,Yes,With others,Yes,3,Yes,Yes,Yes,Yes,Did not participate,No,WakingTitan Phase 2 Discord,No,I don't have an ETARC account,Yes,No,10,
8/4/2017 12:32:28,16-A (sometimes referred to as A-16),Phase 1,"Sigil 1, Sigil 2, Sigil 3, Sigil 4, Sigil 5, Sigil 6",Yes,Yes,nocturne@myriad-70.com,Yes,Yes,Reddit Username,Yes,Yes,Yes,Yes,You are in control,Yes,Yes,Yes,Yes,Yes,Yes,Yes,Yes,16,Yes,Alone,Yes,2,Yes,Yes,Yes,Yes,Periscope,No,"Reddit, NMS Discord, WakingTitan Phase 2 Discord",No,No,Yes,No,6,50000
8/4/2017 12:46:43,L-15,Phase 2,,,,,,Yes,"Steam ID, PSN",Yes,Yes,No,Yes,You are in control,Yes,No,No,Yes,Yes,Yes,No,Yes,Hyperion,Yes,Alone,Yes,5,Yes,No,Yes,Yes,Periscope,No,"Reddit, NMS Discord, WakingTitan Phase 2 Discord",No,I don't have an ETARC account,Yes,No,3,10000
8/4/2017 12:47:25,PB-16,Phase 1,"Sigil 1, Sigil 2, Sigil 3, Sigil 4, Sigil 5, Sigil 6",No,I did not send any emails,,Yes,Yes,"Steam ID, PSN, Discord Username, ETARC Username",Yes,Yes,Yes,Yes,Someone else is in control,Yes,No,Yes,Yes,Yes,Yes,No,Yes,16,Yes,With others,Yes,4,Yes,No,Yes,Yes,Periscope,No,"ETARC, WakingTitan Phase 2 Discord",Yes,Yes,Yes,No,6,3000
8/4/2017 12:48:49,L-15,Phase 2,,,,,,Yes,Reddit Username,Yes,Yes,Yes,No,I don't remember my answer,Yes,I don't remember my answer,I don't remember my answer,Yes,Yes,Yes,Yes,Yes,I don't remember my answer,Yes,Alone,Yes,2,Yes,Yes,No,No,Waking Titan Twitch,No,WakingTitan Phase 2 Discord,No,I don't have an ETARC account,No,No,2,3000
8/4/2017 12:51:59,16-A (sometimes referred to as A-16),Phase 1,"Sigil 1, Sigil 2, Sigil 3, Sigil 4, Sigil 5, Sigil 6",No,I did not send any emails,,Yes,Yes,Reddit Username,Yes,Yes,Yes,Yes,You are in control,Yes,Yes,Yes,Yes,Yes,Yes,No,Yes,Orion,Yes,With others,Yes,1,Yes,No,Yes,Yes,Periscope,No,"Reddit, WakingTitan Phase 2 Discord",No,I don't have an ETARC account,Yes,No,7,9000
8/4/2017 12:54:30,L-15,Phase 2,,,,,,Yes,Discord Username,No,I don't remember my answer,I don't remember my answer,I don't remember my answer,Someone else is in control,Yes,No,I don't remember my answer,Yes,Yes,Yes,No,Yes,16,Yes,With others,I don't remember my answer,4,Yes,Yes,Yes,Yes,Periscope,No,"NMS Discord, WakingTitan Phase 2 Discord",No,I don't have an ETARC account,I don't remember,No,8,
8/4/2017 12:56:43,HG-16,Phase 1,"Sigil 1, Sigil 2, Sigil 3, Sigil 4, Sigil 5, Sigil 6",No,I did not send any emails,,No,Yes,cant remember ,No,Yes,Yes,Yes,Someone else is in control,Yes,Yes,Yes,Yes,Yes,No,I don't remember my answer,Yes,I don't remember my answer,Yes,With others,I don't remember my answer,1,Yes,No,Yes,Yes,Waking Titan Twitch,No,"NMS Discord, WakingTitan Phase 2 Discord",Yes,Yes,Yes,No,6,10000
8/4/2017 13:01:26,L-15,Phase 2,,,,,,Yes,My Real Name,Yes,Yes,No,I don't remember my answer,You are in control,Yes,No,I don't remember my answer,Yes,Yes,I don't remember my answer,No,Yes,The Battle of Hastings,Yes,Alone,Yes,1,Yes,No,Yes,Yes,Did not participate,No,WakingTitan Phase 2 Discord,Yes,Yes,I don't remember,No,6,10000
8/4/2017 13:07:29,WT-01,Phase 2,,,,,,Yes,"Steam ID, PSN, Reddit Username, Discord Username",Yes,Yes,Yes,No,Someone else is in control,Yes,Yes,Yes,Yes,No,I did not participate in this survey,I did not participate in this survey,I did not participate in this survey,I did not participate in this survey,No,I did not participate in this survey,I did not participate in this survey,1,Yes,Yes,No,Yes,Periscope,Yes,"Reddit, NMS Discord, WakingTitan Phase 2 Discord",No,I don't have an ETARC account,Yes,No,7,10000
8/4/2017 13:12:37,L-15,Phase 2,,,,,,Yes,,I don't remember my answer,Yes,Yes,No,Someone else is in control,Yes,No,Yes,Yes,Yes,I don't remember my answer,No,Yes,Orion,Yes,With others,Yes,2,Yes,No,Yes,Yes,Did not participate,No,,No,I don't have an ETARC account,Yes,No,3,5000
8/4/2017 13:14:20,L-15,Phase 2,,,,,,Yes,,Yes,Yes,Yes,Yes,Someone else is in control,Yes,No,Yes,Yes,Yes,No,Yes,Yes,Hyperion,Yes,Alone,Yes,9,Yes,No,Yes,Yes,Periscope,No,"Reddit, WakingTitan Phase 2 Discord",No,I don't have an ETARC account,Yes,No,6,8000
8/4/2017 13:16:01,L-15,Phase 1,"Sigil 1, Sigil 2, Sigil 3, Sigil 4, Sigil 5, Sigil 6",Yes,Yes,nocturne@myriad-70.com,Can't remember,Yes,Discord Username,Yes,Yes,Yes,I don't remember my answer,Someone else is in control,Yes,No,Yes,Yes,Yes,Yes,No,Yes,I don't remember my answer,Yes,With others,I don't remember my answer,0,I did not submit any pictures,No,Yes,Yes,Did not participate,No,WakingTitan Phase 2 Discord,No,I don't have an ETARC account,Yes,No,5,13000
8/4/2017 13:24:38,HG-16,Phase 1,"Sigil 1, Sigil 2, Sigil 3, Sigil 4, Sigil 5, Sigil 6",No,I did not send any emails,,Yes,Yes,,Yes,Yes,Yes,Yes,Someone else is in control,Yes,Yes,Yes,Yes,Yes,Yes,Yes,Yes,I don't remember my answer,Yes,I don't remember my answer,I don't remember my answer,1,Yes,No,Yes,Yes,Did not participate,No,,Yes,No,Yes,No,4,+1000
8/4/2017 13:29:40,L-15,Phase 2,,,,,,Yes,"Steam ID, Discord Username, blizzard and other games, also some music production stuff",Yes,Yes,Yes,Yes,You are in control,Yes,No,Yes,Yes,Yes,Yes,No,Yes,16,Yes,With others,Yes,3,Yes,No,Yes,Yes,Periscope,No,WakingTitan Phase 2 Discord,No,I don't have an ETARC account,Yes,No,8,3000
8/4/2017 13:32:23,PT-16,Phase 1,"Sigil 1, Sigil 2, Sigil 3, Sigil 4, Sigil 5, Sigil 6",No,I did not send any emails,,Can't remember,Yes,"PSN, Discord Username",Yes,Yes,I don't remember my answer,Yes,You are in control,Yes,No,Yes,Yes,Yes,Yes,No,Yes,Orion,Yes,Alone,Yes,2,Yes,No,Yes,Yes,Periscope,No,"NMS Discord, WakingTitan Phase 2 Discord",No,I don't have an ETARC account,Yes,No,6,7000
8/4/2017 13:34:03,L-15,Phase 2,,,,,,Yes,"Steam ID, Reddit Username",Yes,Yes,Yes,I don't remember my answer,Someone else is in control,Yes,Yes,I don't remember my answer,Yes,Yes,No,No,No,16,Yes,Alone,Yes,1,Yes,No,Yes,Yes,Did not participate,No,Reddit,No,I don't have an ETARC account,Yes,No,4,5000
8/4/2017 13:34:35,G-19,Phase 1,"Sigil 1, Sigil 2, Sigil 3, Sigil 4, Sigil 5, Sigil 6",No,I did not send any emails,,Yes,Yes,PSN,Yes,Yes,Yes,Yes,Someone else is in control,Yes,Yes,I don't remember my answer,No,Yes,Yes,Yes,Yes,16,Yes,Alone,I don't remember my answer,0,I did not submit any pictures,Yes,No,No,Did not participate,No,"Reddit, PSN Communities",No,I don't have an ETARC account,No,No,5,12000
8/4/2017 13:40:31,L-15,Phase 2,,,,,,Yes,,Yes,Yes,Yes,No,Someone else is in control,Yes,No,Yes,Yes,Yes,Yes,No,Yes,I don't remember my answer,Yes,Alone,Yes,0,I did not submit any pictures,No,Yes,Yes,Periscope,No,"GameDetectives, NMS Discord, WakingTitan Phase 2 Discord",No,I don't have an ETARC account,No,No,9,18000
8/4/2017 13:41:24,L-15,I don't know,"Sigil 1, Sigil 2, Sigil 3, Sigil 4, Sigil 5, Sigil 6",I don't remember.,Yes,,Can't remember,Yes,,Yes,Yes,Yes,No,I don't remember my answer,Yes,Yes,No,Yes,Yes,Yes,No,Yes,16,Yes,Alone,Yes,2,Yes,Yes,Yes,Yes,Waking Titan Twitch,No,I followed Reddit without posting or logging in.,No,I don't have an ETARC account,Yes,No,9,2600
8/4/2017 13:42:25,16-A (sometimes referred to as A-16),Phase 1,"Sigil 1, Sigil 3, Sigil 4, Sigil 5",Yes,No,,Yes,Yes,Discord Username,Yes,Yes,Yes,Yes,You are in control,Yes,No,Yes,Yes,Yes,Yes,Yes,Yes,I don't remember my answer,Yes,Alone,No,0,Yes,No,Yes,Yes,Did not participate,No,,No,No,Yes,No,6,1000
8/4/2017 13:48:04,16-A (sometimes referred to as A-16),Phase 1,"Sigil 1, Sigil 2, Sigil 3, Sigil 4, Sigil 5, Sigil 6",No,I did not send any emails,,Yes,Yes,PSN,Yes,Yes,Yes,Yes,Someone else is in control,No,I don't remember my answer,Yes,Yes,Yes,Yes,No,Yes,16,Yes,Alone,Yes,0,I did not submit any pictures,No,Yes,Yes,Did not participate,No,,No,I don't have an ETARC account,No,Yes,5,2000
8/4/2017 13:50:29,L-15,Phase 2,,,,,,Yes,,Yes,Yes,I don't remember my answer,Yes,Someone else is in control,Yes,I don't remember my answer,I don't remember my answer,Yes,Yes,I don't remember my answer,Yes,Yes,Hyperion,Yes,Alone,Yes,0,I did not submit any pictures,No,Yes,Yes,Did not participate,No,Reddit,No,I don't have an ETARC account,Yes,No,7,50000
8/4/2017 13:51:53,16-A (sometimes referred to as A-16),Phase 1,,No,Yes,,Yes,Yes,,Yes,Yes,Yes,Yes,You are in control,Yes,Yes,No,Yes,Yes,Yes,No,Yes,16,Yes,Alone,Yes,1,I don't remember,No,Yes,Yes,Waking Titan Twitch,No,"Reddit, ETARC, GameDetectives, WakingTitan Phase 2 Discord",No,I don't have an ETARC account,Yes,Yes,6,6250
8/4/2017 13:52:41,L-15,Phase 2,,,,,,Yes,"PSN, My Real Name",Yes,Yes,Yes,No,I don't remember my answer,I don't remember my answer,I don't remember my answer,Yes,Yes,Yes,I don't remember my answer,No,Yes,16,Yes,With others,Yes,3,Yes,No,Yes,Yes,Did not participate,No,,No,I don't have an ETARC account,Yes,No,8,12000
8/4/2017 13:54:12,L-15,Phase 2,,,,,,Yes,Reddit Username,Yes,Yes,Yes,No,I don't remember my answer,No,No,Yes,Yes,Yes,No,No,Yes,16,Yes,Alone,Yes,3,Yes,Yes,Yes,Yes,Waking Titan Twitch,No,Reddit,No,I don't have an ETARC account,Yes,No,8,15000
8/4/2017 13:55:13,WT-01,Phase 2,,,,,,No,,I did not participate in this survey,I did not participate in this survey,I did not participate in this survey,I did not participate in this survey,I did not participate in this survey,I did not participate in this survey,I did not participate in this survey,I did not participate in this survey,I did not participate in this survey,No,I did not participate in this survey,I did not participate in this survey,I did not participate in this survey,I did not participate in this survey,Yes,Alone,Yes,4,Yes,Yes,No,Yes,Waking Titan Twitch,No,WakingTitan Phase 2 Discord,No,I don't have an ETARC account,Yes,No,8,2000
8/4/2017 14:02:50,16-A (sometimes referred to as A-16),Phase 1,"Sigil 1, Sigil 2, Sigil 3, Sigil 4, Sigil 5, Sigil 6",Yes,Yes,"info@multiverse-75.com (With the subject line ""817IDAS""), info@multiverse-75.com (With the subject line ""Algebraic Topology), nocturne@myriad-70.com",Yes,Yes,"PSN, Reddit Username",Yes,Yes,Yes,No,You are in control,Yes,Yes,Yes,Yes,Yes,Yes,No,Yes,16,Yes,Alone,Yes,2,Yes,No,Yes,Yes,Waking Titan Twitch,No,Reddit,No,I don't have an ETARC account,Yes,Yes,9,35000
8/4/2017 14:05:51,16-A (sometimes referred to as A-16),Phase 2,,,,,,Yes,"Steam ID, Reddit Username, Discord Username",Yes,Yes,Yes,Yes,Someone else is in control,Yes,No,Yes,Yes,Yes,I don't remember my answer,I don't remember my answer,Yes,The Battle of Hastings,Yes,Alone,Yes,0,I did not submit any pictures,No,Yes,Yes,Periscope,No,"Reddit, WakingTitan Phase 2 Discord",No,I don't have an ETARC account,Yes,No,8,5000
8/4/2017 14:06:09,L-15,Phase 1,"Sigil 1, Sigil 2, Sigil 3, Sigil 4, Sigil 5, Sigil 6",Yes,I did not send any emails,,Yes,Yes,Reddit Username,Yes,Yes,Yes,Yes,Someone else is in control,Yes,Yes,Yes,Yes,Yes,Yes,Yes,Yes,I don't remember my answer,Yes,Alone,Yes,6,Yes,Yes,Yes,No,Waking Titan Twitch,No,Reddit,Yes,Yes,Yes,No,5,3000
8/4/2017 14:11:36,16-A (sometimes referred to as A-16),Phase 2,,,,,,Yes,"Steam ID, Reddit Username, Discord Username",No,Yes,Yes,No,Someone else is in control,Yes,No,Yes,Yes,Yes,Yes,No,Yes,The Battle of Hastings,Yes,With others,Yes,2,Yes,No,Yes,Yes,Periscope,No,"Reddit, NMS Discord, WakingTitan Phase 2 Discord",No,I don't have an ETARC account,No,No,7,15000
8/4/2017 14:12:16,L-15,Phase 1,"Sigil 1, Sigil 2, Sigil 3",Yes,Yes,"info@multiverse-75.com (With the subject line ""817IDAS"")",No,Yes,"Steam ID, Reddit Username, Discord Username",Yes,Yes,Yes,No,You are in control,Yes,No,Yes,Yes,Yes,Yes,No,No,16,Yes,Alone,Yes,1,Yes,No,Yes,Yes,Did not participate,No,"Reddit, WakingTitan Phase 2 Discord",No,I don't have an ETARC account,Yes,No,3,35000
8/4/2017 14:13:29,L-15,Phase 2,,,,,,Yes,Steam ID,No,Yes,Yes,Yes,You are in control,Yes,Yes,Yes,Yes,Yes,Yes,No,Yes,16,Yes,With others,Yes,0,I did not submit any pictures,Yes,Yes,Yes,Periscope,No,"Reddit, ETARC",Yes,Yes,Yes,No,4,5000
8/4/2017 14:13:56,WT-01,Phase 1,,No,I did not send any emails,,No,Yes,My Real Name,Yes,Yes,Yes,Yes,You are in control,Yes,Yes,I don't remember my answer,Yes,Yes,Yes,Yes,Yes,16,Yes,Alone,Yes,0,I did not submit any pictures,No,Yes,Yes,Did not participate,No,,No,I don't have an ETARC account,No,No,3,10000
8/4/2017 14:21:15,L-15,Phase 1,"Sigil 1, Sigil 2, Sigil 3, Sigil 4, Sigil 5, Sigil 6",I don't remember.,I did not send any emails,,Yes,Yes,Reddit Username,Yes,Yes,No,No,You are in control,Yes,Yes,No,Yes,Yes,Yes,No,Yes,16,Yes,With others,Yes,2,Yes,No,Yes,Yes,Waking Titan Twitch,No,"Reddit, ETARC, NMS Discord, WakingTitan Phase 2 Discord",Yes,Yes,Yes,No,7,4500
8/4/2017 14:24:33,16-A (sometimes referred to as A-16),Phase 1,"Sigil 1, Sigil 2, Sigil 3, Sigil 4, Sigil 5, Sigil 6",Yes,Yes,"info@multiverse-75.com (With the subject line ""817IDAS""), info@multiverse-75.com (With the subject line ""Algebraic Topology)",Yes,Yes,Steam ID,Yes,Yes,No,Yes,Someone else is in control,Yes,Yes,Yes,Yes,Yes,Yes,Yes,Yes,16,Yes,With others,Yes,2,Yes,No,Yes,Yes,Periscope,No,"Reddit, WakingTitan Phase 2 Discord",No,I don't have an ETARC account,Yes,No,8,
8/4/2017 14:24:46,16-A (sometimes referred to as A-16),Phase 1,"Sigil 1, Sigil 2, Sigil 3, Sigil 4, Sigil 5, Sigil 6",No,I did not send any emails,,Yes,Yes,My Real Name,Yes,Yes,Yes,No,Someone else is in control,Yes,No,Yes,Yes,Yes,No,No,Yes,16,Yes,With others,Yes,5,Yes,Yes,Yes,Yes,Did not participate,No,,No,I don't have an ETARC account,Yes,No,1,15000
8/4/2017 14:27:22,PT-16,Phase 2,,,,,,Yes,,Yes,Yes,Yes,No,You are in control,Yes,Yes,Yes,Yes,Yes,Yes,Yes,Yes,Hyperion,Yes,Alone,Yes,1,Yes,Yes,Yes,Yes,Periscope,No,,No,I don't have an ETARC account,Yes,No,3,500
8/4/2017 14:27:36,WT-01,Phase 2,,,,,,Yes,,Yes,Yes,Yes,Yes,You are in control,Yes,No,No,Yes,No,I did not participate in this survey,I did not participate in this survey,I did not participate in this survey,I did not participate in this survey,No,I did not participate in this survey,I did not participate in this survey,0,,No,No,Yes,Waking Titan Twitch,No,,No,I don't have an ETARC account,No,No,3,
8/4/2017 14:34:35,PB-16,Phase 1,"Sigil 1, Sigil 2, Sigil 3, Sigil 4, Sigil 5, Sigil 6",I don't remember.,I did not send any emails,,Yes,Yes,ETARC Username,Yes,Yes,I don't remember my answer,Yes,I don't remember my answer,Yes,Yes,I don't remember my answer,Yes,Yes,Yes,Yes,Yes,16,Yes,Alone,Yes,10,Yes,Yes,Yes,Yes,Periscope,No,Reddit,Yes,Yes,Yes,No,2,1200
8/4/2017 14:46:34,WT-01,Phase 2,,,,,,No,,I did not participate in this survey,I did not participate in this survey,I did not participate in this survey,I did not participate in this survey,I did not participate in this survey,I did not participate in this survey,I did not participate in this survey,I did not participate in this survey,I did not participate in this survey,Yes,I don't remember my answer,I don't remember my answer,I don't remember my answer,16,Yes,With others,Yes,5,Yes,No,I don't remember.,Yes,Periscope,No,"Reddit, WakingTitan Phase 2 Discord",No,I don't have an ETARC account,Yes,No,4,3000
8/4/2017 14:49:07,G-19,Phase 1,"Sigil 1, Sigil 2, Sigil 3, Sigil 4, Sigil 5, Sigil 6",No,I did not send any emails,,Yes,Yes,My Real Name,Yes,Yes,Yes,Yes,You are in control,Yes,No,No,Yes,Yes,Yes,No,Yes,16,Yes,Alone,Yes,1,Yes,No,Yes,Yes,Periscope,Yes,,No,I don't have an ETARC account,Yes,No,6,20000
8/4/2017 14:50:24,L-15,Phase 1,,No,I did not send any emails,,Yes,Yes,My Real Name,Yes,Yes,Yes,Yes,You are in control,Yes,Yes,Yes,Yes,Yes,Yes,Yes,Yes,Orion,Yes,Alone,Yes,1,Yes,No,Yes,Yes,Did not participate,No,Reddit,No,I don't have an ETARC account,I don't remember,No,8,5000
8/4/2017 14:53:04,16-A (sometimes referred to as A-16),Phase 1,"Sigil 1, Sigil 2, Sigil 3, Sigil 4, Sigil 5, Sigil 6",Yes,Yes,nocturne@myriad-70.com,Yes,Yes,"Reddit Username, Discord Username, ETARC Username",Yes,Yes,Yes,No,You are in control,No,Yes,Yes,Yes,Yes,No,No,Yes,16,Yes,Alone,Yes,2,Yes,No,Yes,Yes,Periscope,No,"Reddit, ETARC, GameDetectives, NMS Discord, WakingTitan Phase 2 Discord",Yes,Yes,Yes,No,10,2500
8/4/2017 14:58:03,G-19,Phase 1,"Sigil 1, Sigil 2, Sigil 3, Sigil 4, Sigil 5",I don't remember.,Yes,,Yes,Yes,Reddit Username,No,Yes,I don't remember my answer,Yes,You are in control,Yes,Yes,Yes,Yes,Yes,Yes,Yes,Yes,16,Yes,Alone,Yes,1,I don't remember,No,Yes,Yes,Periscope,No,Reddit,No,I don't have an ETARC account,Yes,No,6,30000
8/4/2017 15:05:56,16-A (sometimes referred to as A-16),Phase 2,,,,,,Yes,"Reddit Username, Discord Username",Yes,Yes,Yes,I don't remember my answer,Someone else is in control,No,No,I don't remember my answer,Yes,Yes,I don't remember my answer,No,Yes,Hyperion,Yes,Alone,Yes,1,Yes,No,Yes,Yes,Periscope,No,"Reddit, WakingTitan Phase 2 Discord",No,I don't have an ETARC account,I don't remember,No,6,10000
8/4/2017 15:06:36,HG-16,Phase 1,"Sigil 1, Sigil 2, Sigil 3, Sigil 4, Sigil 5, Sigil 6",No,I did not send any emails,,Can't remember,Yes,Steam ID,Yes,Yes,Yes,No,Someone else is in control,Yes,Yes,I don't remember my answer,Yes,Yes,Yes,I don't remember my answer,I don't remember my answer,16,Yes,Alone,Yes,0,I did not submit any pictures,No,Yes,Yes,Waking Titan Twitch,No,Reddit,No,I don't have an ETARC account,Yes,No,6,19000
8/4/2017 15:08:55,16-A (sometimes referred to as A-16),Phase 1,"Sigil 4, Sigil 6",I don't remember.,Yes,,Can't remember,Yes,Steam ID,Yes,Yes,I don't remember my answer,No,I don't remember my answer,Yes,No,I don't remember my answer,I don't remember my answer,Yes,Yes,Yes,No,Hyperion,Yes,Alone,I don't remember my answer,0,I did not submit any pictures,No,Yes,Yes,Did not participate,No,,No,I don't have an ETARC account,I don't remember,No,5,
8/4/2017 15:14:20,L-15,Phase 2,,,,,,Yes,My Real Name,Yes,Yes,Yes,No,Someone else is in control,Yes,Yes,I don't remember my answer,Yes,Yes,No,No,No,Orion,Yes,Alone,Yes,3,Yes,No,Yes,Yes,Periscope,No,"Reddit, WakingTitan Phase 2 Discord, Facebook Group - Citizen Science Division",No,I don't have an ETARC account,Yes,No,4,500
8/4/2017 15:17:12,AWK,Phase 2,,,,,,No,"Steam ID, Reddit Username, Discord Username",Yes,Yes,Yes,Yes,You are in control,Yes,No,Yes,Yes,No,I did not participate in this survey,I did not participate in this survey,I did not participate in this survey,I did not participate in this survey,Yes,Alone,Yes,0,I did not submit any pictures,No,I don't remember.,Yes,Waking Titan Twitch,No,"Reddit, NMS Discord",No,I don't have an ETARC account,I don't remember,No,4,1500
8/4/2017 15:17:31,G-19,Phase 1,Sigil 6,No,I did not send any emails,,Yes,Yes,Steam ID,Yes,Yes,No,Yes,You are in control,Yes,No,No,Yes,Yes,Yes,No,No,Orion,Yes,Alone,Yes,1,Yes,No,Yes,Yes,Periscope,No,"NMS Discord, WakingTitan Phase 2 Discord",No,I don't have an ETARC account,Yes,No,3,3000
8/4/2017 15:23:19,L-15,Phase 1,"Sigil 4, Sigil 6",No,I did not send any emails,,Yes,Yes,Reddit Username,Yes,Yes,Yes,No,I don't remember my answer,Yes,Yes,Yes,Yes,Yes,Yes,Yes,Yes,16,Yes,Alone,Yes,1,No,Yes,Yes,Yes,Did not participate,No,Reddit,No,I don't have an ETARC account,Yes,No,5,10000
8/4/2017 15:28:59,L-15,Phase 2,,,,,,Yes,Steam ID,Yes,Yes,No,Yes,I don't remember my answer,I don't remember my answer,No,I don't remember my answer,Yes,Yes,No,I don't remember my answer,No,Orion,Yes,Alone,Yes,1,Yes,No,Yes,Yes,Periscope,No,Reddit,No,No,No,No,3,3000
8/4/2017 15:32:27,16-A (sometimes referred to as A-16),Phase 1,,No,I did not send any emails,,No,Yes,Discord Username,Yes,Yes,Yes,No,Someone else is in control,Yes,I don't remember my answer,Yes,Yes,Yes,I don't remember my answer,Yes,I don't remember my answer,Orion,Yes,Alone,Yes,1,Yes,No,Yes,Yes,Did not participate,No,"Reddit, WakingTitan Phase 2 Discord",No,I don't have an ETARC account,Yes,No,4,5000
8/4/2017 15:37:17,16-A (sometimes referred to as A-16),Phase 1,"Sigil 1, Sigil 2, Sigil 3, Sigil 4, Sigil 5, Sigil 6",No,I did not send any emails,,Can't remember,Yes,,Yes,Yes,I don't remember my answer,I don't remember my answer,You are in control,Yes,I don't remember my answer,Yes,Yes,Yes,Yes,No,I don't remember my answer,Hyperion,Yes,Alone,Yes,1,Yes,No,Yes,Yes,Did not participate,No,Reddit,No,I don't have an ETARC account,Yes,No,7,6000
8/4/2017 15:49:41,L-15,Phase 2,,,,,,Yes,"Steam ID, PSN",Yes,Yes,Yes,Yes,Someone else is in control,Yes,Yes,Yes,Yes,Yes,Yes,Yes,Yes,16,Yes,With others,Yes,2,Yes,Yes,Yes,Yes,Did not participate,No,WakingTitan Phase 2 Discord,No,I don't have an ETARC account,Yes,No,7,400
8/4/2017 16:02:14,WT-01,Phase 2,,,,,,Yes,PSN,Yes,Yes,Yes,Yes,I don't remember my answer,Yes,Yes,Yes,Yes,Yes,Yes,Yes,Yes,Hyperion,No,I did not participate in this survey,I did not participate in this survey,0,I did not submit any pictures,No,No,No,Periscope,No,Reddit,No,I don't have an ETARC account,No,No,4,500000
8/4/2017 16:09:14,16-A (sometimes referred to as A-16),I don't know,"Sigil 1, Sigil 2, Sigil 3, Sigil 4, Sigil 5, Sigil 6",No,I did not send any emails,,No,Yes,Reddit Username,Yes,Yes,Yes,No,You are in control,Yes,No,Yes,Yes,Yes,Yes,Yes,No,I don't remember my answer,Yes,Alone,Yes,2,Yes,No,Yes,Yes,Periscope,No,Reddit,No,I don't have an ETARC account,Yes,No,7,2000
8/4/2017 16:13:36,L-15,Phase 1,"Sigil 1, Sigil 3, Sigil 4",No,No,,No,Yes,"PSN, Reddit Username, Discord Username",Yes,Yes,Yes,Yes,You are in control,Yes,Yes,Yes,Yes,Yes,Yes,No,Yes,I don't remember my answer,Yes,Alone,Yes,0,I did not submit any pictures,No,Yes,Yes,Did not participate,No,,No,No,No,No,1,106
8/4/2017 16:14:20,AWK,Phase 1,,No,I did not send any emails,,No,Yes,Reddit Username,Yes,Yes,Yes,I don't remember my answer,You are in control,Yes,Yes,Yes,Yes,No,I did not participate in this survey,I did not participate in this survey,I did not participate in this survey,I did not participate in this survey,Yes,Alone,Yes,0,I did not submit any pictures,No,I don't remember.,I don't remember.,Periscope,No,Reddit,No,I don't have an ETARC account,No,No,3,100
8/4/2017 16:15:17,L-15,Phase 2,,,,,,Yes,My general nick,Yes,Yes,Yes,I don't remember my answer,I don't remember my answer,Yes,Yes,Yes,Yes,Yes,Yes,No,Yes,16,Yes,I don't remember my answer,Yes,19,Yes,Yes,Yes,Yes,Periscope,No,WakingTitan Phase 2 Discord,No,I don't have an ETARC account,Yes,No,6,10000
8/4/2017 16:17:39,G-19,Phase 1,,No,No,,Yes,Yes,"PSN, Reddit Username",No,Yes,Yes,Yes,You are in control,Yes,Yes,No,Yes,Yes,Yes,No,Yes,Orion,Yes,With others,Yes,2,Yes,No,Yes,Yes,Did not participate,Yes,"Reddit, WakingTitan Phase 2 Discord",No,I don't have an ETARC account,Yes,No,2,11000
8/4/2017 16:19:55,WT-01,Phase 1,,No,Yes,,Yes,Yes,"Steam ID, PSN, Reddit Username",Yes,Yes,Yes,Yes,You are in control,Yes,Yes,Yes,Yes,Yes,Yes,No,Yes,16,Yes,Alone,Yes,2,Yes,No,Yes,Yes,Waking Titan Twitch,No,Reddit,Yes,Yes,Yes,No,7,1500
8/4/2017 16:55:14,HG-16,Phase 1,"Sigil 1, Sigil 2, Sigil 3, Sigil 4, Sigil 5, Sigil 6",No,I did not send any emails,,Yes,Yes,"PSN, Reddit Username",Yes,Yes,No,Yes,You are in control,Yes,No,Yes,Yes,Yes,Yes,Yes,Yes,16,Yes,Alone,Yes,5,Yes,No,Yes,Yes,Waking Titan Twitch,Yes,"Reddit, WakingTitan Phase 2 Discord",No,I don't have an ETARC account,Yes,No,6,3000
8/4/2017 17:58:18,16-A (sometimes referred to as A-16),Phase 1,"Sigil 1, Sigil 2, Sigil 3, Sigil 4, Sigil 5, Sigil 6",No,I did not send any emails,,Yes,Yes,"Steam ID, PSN, Reddit Username",Yes,Yes,Yes,No,Someone else is in control,Yes,No,Yes,Yes,Yes,No,No,Yes,16,Yes,Alone,Yes,1,Yes,Yes,Yes,Yes,Periscope,No,Reddit,No,I don't have an ETARC account,Yes,No,4,50000
8/4/2017 18:28:39,16-A (sometimes referred to as A-16),I don't know,"Sigil 1, Sigil 2, Sigil 3, Sigil 4, Sigil 5, Sigil 6",No,I did not send any emails,,No,Yes,,No,Yes,Yes,Yes,You are in control,No,Yes,Yes,Yes,Yes,Yes,No,Yes,I don't remember my answer,Yes,Alone,Yes,0,I did not submit any pictures,Yes,Yes,Yes,Did not participate,No,Reddit,No,No,No,No,5,
8/4/2017 19:42:36,L-15,Phase 2,,,,,,Yes,PSN,Yes,Yes,Yes,No,Someone else is in control,Yes,Yes,Yes,Yes,Yes,Yes,No,Yes,Hyperion,Yes,Alone,Yes,0,I did not submit any pictures,No,Yes,Yes,Did not participate,No,,No,I don't have an ETARC account,Yes,No,,
8/4/2017 19:56:04,WT-01,Phase 2,,,,,,Yes,PSN,Yes,Yes,Yes,No,You are in control,Yes,Yes,Yes,Yes,Yes,Yes,Yes,Yes,Hyperion,Yes,Alone,Yes,2,Yes,Yes,Yes,Yes,Waking Titan Twitch,No,"Reddit, NMS Discord, WakingTitan Phase 2 Discord",No,I don't have an ETARC account,Yes,No,6,250000
8/4/2017 20:21:41,G-19,Phase 1,"Sigil 1, Sigil 2, Sigil 3, Sigil 4, Sigil 5, Sigil 6",Yes,Yes,,Can't remember,Yes,,Yes,Yes,Yes,No,Someone else is in control,I don't remember my answer,No,Yes,Yes,Yes,I don't remember my answer,I don't remember my answer,Yes,16,Yes,Alone,Yes,1,Yes,No,Yes,I don't remember.,Did not participate,No,"Reddit, ETARC",Yes,Yes,No,No,8,
8/4/2017 20:47:17,PB-16,Phase 1,"Sigil 1, Sigil 2, Sigil 3, Sigil 4, Sigil 5, Sigil 6",Yes,Yes,nocturne@myriad-70.com,Yes,Yes,"Reddit Username, Discord Username, ETARC Username, GOG",Yes,Yes,Yes,No,You are in control,Yes,Yes,Yes,Yes,Yes,Yes,No,Yes,Hyperion,Yes,Alone,Yes,4,Yes,No,Yes,Yes,Waking Titan Twitch,No,ETARC,Yes,Yes,Yes,No,5,2000
8/4/2017 22:00:53,16-A (sometimes referred to as A-16),Phase 1,"Sigil 1, Sigil 2, Sigil 3, Sigil 4, Sigil 5, Sigil 6",No,I did not send any emails,,No,Yes,"Reddit Username, ETARC Username",Yes,Yes,Yes,No,You are in control,Yes,Yes,Yes,Yes,Yes,Yes,Yes,Yes,16,Yes,Alone,Yes,1,Yes,No,Yes,Yes,Waking Titan Twitch,No,"Reddit, ETARC",Yes,Yes,Yes,No,5,2500
8/4/2017 22:07:16,16-A (sometimes referred to as A-16),Phase 1,"Sigil 1, Sigil 2, Sigil 3, Sigil 4, Sigil 5, Sigil 6",No,Yes,,Can't remember,Yes,PSN,Yes,Yes,Yes,No,You are in control,Yes,Yes,Yes,Yes,Yes,Yes,No,Yes,I don't remember my answer,Yes,With others,Yes,4,Yes,Yes,Yes,Yes,Waking Titan Twitch,No,"NMS Discord, WakingTitan Phase 2 Discord",No,I don't have an ETARC account,Yes,No,8,
8/4/2017 22:10:44,16-A (sometimes referred to as A-16),Phase 1,"Sigil 1, Sigil 2, Sigil 3, Sigil 4, Sigil 5, Sigil 6",No,I did not send any emails,,Yes,Yes,Discord Username,Yes,Yes,Yes,No,You are in control,Yes,Yes,No,Yes,Yes,Yes,No,Yes,16,Yes,Alone,Yes,1,Yes,Yes,Yes,Yes,Periscope,Yes,"Reddit, WakingTitan Phase 2 Discord",No,I don't have an ETARC account,I don't remember,No,4,3000
8/4/2017 23:03:28,L-15,I don't know,,No,Yes,,Yes,Yes,PSN,Yes,Yes,Yes,No,Someone else is in control,Yes,Yes,Yes,Yes,Yes,No,No,Yes,Hyperion,Yes,Alone,Yes,2,Yes,No,Yes,Yes,Periscope,No,"Reddit, NMS Discord, WakingTitan Phase 2 Discord",No,I don't have an ETARC account,Yes,Yes,8,2500
8/4/2017 23:56:18,16-A (sometimes referred to as A-16),Phase 2,,,,,,Yes,PSN,No,Yes,Yes,Yes,You are in control,Yes,Yes,Yes,Yes,Yes,Yes,No,Yes,Hyperion,Yes,Alone,Yes,1,Yes,No,Yes,Yes,Periscope,No,WakingTitan Phase 2 Discord,No,I don't have an ETARC account,Yes,No,7,1500
8/4/2017 23:57:37,G-17,Phase 2,,,,,,No,None,Yes,Yes,Yes,Yes,You are in control,Yes,Yes,No,Yes,No,I did not participate in this survey,I did not participate in this survey,I did not participate in this survey,I did not participate in this survey,No,I did not participate in this survey,I did not participate in this survey,0,I did not submit any pictures,No,No,No,Did not participate,No,"Reddit, WakingTitan Phase 2 Discord",No,I don't have an ETARC account,No,No,6,5000
8/4/2017 23:58:59,HG-16,Phase 1,"Sigil 1, Sigil 2, Sigil 3, Sigil 4, Sigil 5, Sigil 6",No,I did not send any emails,,Can't remember,Yes,Reddit Username,Yes,Yes,Yes,No,You are in control,Yes,No,Yes,No,Yes,Yes,No,No,Hyperion,Yes,I don't remember my answer,I don't remember my answer,1,Yes,No,Yes,Yes,Did not participate,No,"Reddit, NMS Discord, WakingTitan Phase 2 Discord",No,I don't have an ETARC account,Yes,No,5,
8/5/2017 2:10:18,G-19,Phase 1,"Sigil 1, Sigil 2, Sigil 3, Sigil 4, Sigil 5, Sigil 6",No,I did not send any emails,,Yes,Yes,Reddit Username,No,Yes,Yes,Yes,I don't remember my answer,Yes,Yes,Yes,Yes,Yes,Yes,Yes,Yes,16,Yes,Alone,Yes,1,Yes,No,Yes,Yes,Waking Titan Twitch,No,Reddit,No,I don't have an ETARC account,Yes,No,7,120000
8/5/2017 3:59:00,WT-01,Phase 1,,No,I did not send any emails,,No,Yes,"PSN, Reddit Username, Discord Username, My Real Name, twitch",No,Yes,I don't remember my answer,No,You are in control,Yes,Yes,I don't remember my answer,No,Yes,Yes,No,No,I don't remember my answer,No,I did not participate in this survey,I did not participate in this survey,0,I did not submit any pictures,No,No,No,Periscope,No,"Reddit, NMS Discord, WakingTitan Phase 2 Discord",No,I don't have an ETARC account,No,No,1,
8/5/2017 4:06:59,16-A (sometimes referred to as A-16),Phase 1,,No,I did not send any emails,,Yes,Yes,Discord Username,Yes,Yes,Yes,No,Someone else is in control,Yes,Yes,Yes,Yes,Yes,Yes,No,Yes,16,Yes,With others,Yes,3,Yes,Yes,Yes,Yes,Did not participate,No,"Reddit, GameDetectives, NMS Discord, WakingTitan Phase 2 Discord",No,I don't have an ETARC account,Yes,No,6,3500
8/5/2017 4:08:52,L-15,Phase 1,"Sigil 1, Sigil 2, Sigil 3, Sigil 4, Sigil 5, Sigil 6",No,I did not send any emails,,No,Yes,Steam ID,Yes,Yes,Yes,Yes,Someone else is in control,Yes,Yes,Yes,Yes,Yes,Yes,No,Yes,Hyperion,Yes,Alone,Yes,5,Yes,No,Yes,Yes,Periscope,No,"Reddit, WakingTitan Phase 2 Discord",No,I don't have an ETARC account,Yes,No,8,40000
8/5/2017 4:09:44,L-15,Phase 2,,,,,,Yes,"Steam ID, Reddit Username",No,Yes,I don't remember my answer,Yes,Someone else is in control,Yes,I don't remember my answer,I don't remember my answer,Yes,Yes,I don't remember my answer,No,I don't remember my answer,I don't remember my answer,No,I did not participate in this survey,I did not participate in this survey,0,I did not submit any pictures,No,No,Yes,Did not participate,No,,No,I don't have an ETARC account,No,No,2,11000
8/5/2017 4:11:32,G-17,Phase 2,,,,,,Yes,Steam ID,Yes,Yes,Yes,I don't remember my answer,I don't remember my answer,Yes,Yes,Yes,Yes,Yes,Yes,No,Yes,Hyperion,Yes,Alone,Yes,2,Yes,No,No,No,Periscope,No,WakingTitan Phase 2 Discord,No,I don't have an ETARC account,Yes,No,2,3000
8/5/2017 4:14:06,L-15,Phase 1,Sigil 6,No,I did not send any emails,,Can't remember,Yes,,No,Yes,Yes,No,Someone else is in control,Yes,No,I don't remember my answer,Yes,Yes,Yes,No,Yes,I don't remember my answer,Yes,With others,Yes,1,Yes,No,Yes,Yes,Periscope,No,Reddit,No,I don't have an ETARC account,Yes,No,5,200000
8/5/2017 5:14:23,G-19,Phase 1,"Sigil 1, Sigil 2, Sigil 3, Sigil 4, Sigil 5, Sigil 6",Yes,Yes,info@echo-64.com,Yes,Yes,My Real Name,Yes,Yes,Yes,Yes,You are in control,Yes,No,Yes,Yes,Yes,Yes,No,Yes,16,Yes,With others,Yes,1,Yes,No,Yes,Yes,Waking Titan Twitch,No,,Yes,Yes,Yes,No,3,3000
8/5/2017 6:53:55,I Don't Know,I don't know,,Yes,I did not send any emails,,Can't remember,No,,I did not participate in this survey,I did not participate in this survey,I did not participate in this survey,I did not participate in this survey,I did not participate in this survey,I did not participate in this survey,I did not participate in this survey,I did not participate in this survey,I did not participate in this survey,No,I did not participate in this survey,I did not participate in this survey,I did not participate in this survey,I did not participate in this survey,No,I did not participate in this survey,I did not participate in this survey,0,I did not submit any pictures,No,No,No,Waking Titan Twitch,No,WakingTitan Phase 2 Discord,Yes,Yes,Yes,No,5,2500
8/5/2017 7:01:38,L-15,Phase 1,,Yes,Yes,,Yes,Yes,"Steam ID, Reddit Username, Discord Username",Yes,Yes,Yes,Yes,You are in control,Yes,Yes,No,Yes,Yes,Yes,No,Yes,16,Yes,Alone,Yes,0,I did not submit any pictures,No,Yes,Yes,Periscope,No,"Reddit, WakingTitan Phase 2 Discord",No,I don't have an ETARC account,Yes,No,7,1500
8/5/2017 11:29:40,AWK,Phase 1,,No,I did not send any emails,,Can't remember,Yes,"Steam ID, PSN, Reddit Username, Discord Username",Yes,Yes,I don't remember my answer,No,You are in control,I don't remember my answer,Yes,I don't remember my answer,Yes,No,I did not participate in this survey,I did not participate in this survey,I did not participate in this survey,I did not participate in this survey,Yes,Alone,Yes,1,Yes,No,No,Yes,Did not participate,No,"Reddit, WakingTitan Phase 2 Discord",No,I don't have an ETARC account,Yes,No,5,10000
8/5/2017 11:55:42,PT-16,Phase 2,,,,,,Yes,"Steam ID, Discord Username, twitter & youtube",I don't remember my answer,Yes,I don't remember my answer,I don't remember my answer,Someone else is in control,I don't remember my answer,No,No,Yes,Yes,I don't remember my answer,No,I don't remember my answer,Hyperion,Yes,Alone,Yes,1,Yes,No,Yes,Yes,Did not participate,No,"NMS Discord, WakingTitan Phase 2 Discord",No,I don't have an ETARC account,Yes,No,6,18000
8/5/2017 12:08:25,G-17,Phase 1,,Yes,Yes,"info@multiverse-75.com (With the subject line ""Algebraic Topology)",Can't remember,No,,No,Yes,Yes,Yes,Someone else is in control,Yes,Yes,No,Yes,No,Yes,Yes,Yes,16,Yes,Alone,I don't remember my answer,0,No,Yes,Yes,Yes,Did not participate,No,ETARC,No,I don't have an ETARC account,No,No,4,2500
8/5/2017 18:52:40,16-A (sometimes referred to as A-16),Phase 2,,,,,,Yes,IGN in several games/e-mail address,Yes,Yes,Yes,No,Someone else is in control,Yes,No,Yes,Yes,Yes,Yes,Yes,Yes,Hyperion,Yes,Alone,Yes,3,Yes,No,Yes,Yes,Waking Titan Twitch,No,"WakingTitan Phase 2 Discord, Crobra Tv Facebook",No,I don't have an ETARC account,Yes,No,7,4000
8/6/2017 7:11:47,L-15,Phase 2,,,,,,Yes,,Yes,Yes,I don't remember my answer,I don't remember my answer,I don't remember my answer,Yes,I don't remember my answer,I don't remember my answer,Yes,Yes,Yes,No,Yes,Hyperion,Yes,With others,Yes,1,Yes,No,Yes,Yes,Did not participate,No,GameDetectives,No,I don't have an ETARC account,Yes,No,3,4000
8/8/2017 0:53:15,G-17,Phase 2,,,,,,No,"Steam ID, Discord Username, ETARC Username",I did not participate in this survey,I did not participate in this survey,I did not participate in this survey,I did not participate in this survey,You are in control,Yes,Yes,No,I did not participate in this survey,No,I did not participate in this survey,I did not participate in this survey,Yes,I did not participate in this survey,No,I did not participate in this survey,I did not participate in this survey,1,Yes,No,No,No,Waking Titan Twitch,No,WakingTitan Phase 2 Discord,Yes,Yes,Yes,No,7,13000
8/8/2017 1:08:47,16-A (sometimes referred to as A-16),Phase 1,"Sigil 1, Sigil 2, Sigil 3, Sigil 4, Sigil 5, Sigil 6",No,I did not send any emails,,Yes,Yes,"Steam ID, PSN, Reddit Username, Discord Username",Yes,Yes,Yes,Yes,Someone else is in control,Yes,Yes,No,Yes,Yes,I don't remember my answer,No,No,Orion,Yes,Alone,I don't remember my answer,1,Yes,Yes,Yes,I don't remember.,Did not participate,No,"Reddit, ETARC, NMS Discord, WakingTitan Phase 2 Discord",Yes,Yes,No,No,6,3000
8/8/2017 1:21:31,G-19,Phase 1,"Sigil 4, Sigil 5",Yes,Yes,"info@multiverse-75.com (With the subject line ""Algebraic Topology)",Yes,Yes,PSN,No,Yes,Yes,Yes,Someone else is in control,Yes,I don't remember my answer,Yes,Yes,Yes,Yes,No,Yes,16,Yes,Alone,Yes,1,Yes,Yes,Yes,Yes,Waking Titan Twitch,No,"Reddit, NMS Discord, WakingTitan Phase 2 Discord",No,I don't have an ETARC account,No,No,4,4500
8/8/2017 1:22:10,HG-16,Phase 1,"Sigil 1, Sigil 2, Sigil 3, Sigil 4",Yes,No,,No,Yes,PSN,Yes,Yes,Yes,No,Someone else is in control,Yes,No,Yes,Yes,Yes,Yes,No,Yes,The Battle of Hastings,Yes,With others,Yes,0,I did not submit any pictures,No,Yes,No,Periscope,No,"Reddit, GameDetectives, WakingTitan Phase 2 Discord",No,I don't have an ETARC account,Yes,No,5,8500
8/8/2017 1:23:17,G-17,Phase 2,,,,,,Yes,Discord Username,Yes,Yes,Yes,Yes,Someone else is in control,Yes,Yes,Yes,Yes,No,I did not participate in this survey,I did not participate in this survey,I did not participate in this survey,I did not participate in this survey,No,I did not participate in this survey,I did not participate in this survey,0,I did not submit any pictures,No,No,No,Did not participate,No,WakingTitan Phase 2 Discord,No,I don't have an ETARC account,Yes,No,6,25000
8/8/2017 8:20:26,L-15,Phase 2,,,,,,Yes,My Real Name,No,I don't remember my answer,I don't remember my answer,No,I don't remember my answer,Yes,I don't remember my answer,I don't remember my answer,Yes,Yes,I don't remember my answer,Yes,I don't remember my answer,I don't remember my answer,Yes,Alone,No,2,Yes,No,I don't remember.,No,Waking Titan Twitch,No,"GameDetectives, WakingTitan Phase 2 Discord",No,I don't have an ETARC account,Yes,No,4,12000
8/8/2017 18:39:21,L-15,Phase 1,"Sigil 1, Sigil 2, Sigil 3, Sigil 4, Sigil 5, Sigil 6",No,I did not send any emails,,Can't remember,Yes,"Steam ID, Discord Username",No,Yes,Yes,I don't remember my answer,I don't remember my answer,No,Yes,Yes,Yes,Yes,Yes,No,Yes,16,Yes,Alone,Yes,5,Yes,No,Yes,Yes,Periscope,No,"Reddit, ETARC, WakingTitan Phase 2 Discord",Yes,No,Yes,No,8,100000
8/8/2017 18:43:30,L-15,Phase 1,"Sigil 1, Sigil 2, Sigil 3, Sigil 4, Sigil 5, Sigil 6",No,I did not send any emails,,No,Yes,"Steam ID, Reddit Username, Discord Username, ETARC Username",Yes,Yes,Yes,No,You are in control,No,Yes,Yes,Yes,Yes,Yes,No,Yes,I don't remember my answer,Yes,Alone,No,1,Yes,No,Yes,Yes,Did not participate,No,ETARC,Yes,Yes,Yes,No,2,30000
8/8/2017 18:44:13,16-A (sometimes referred to as A-16),Phase 2,,,,,,No,,I did not participate in this survey,I did not participate in this survey,I did not participate in this survey,I did not participate in this survey,I did not participate in this survey,I did not participate in this survey,I did not participate in this survey,I did not participate in this survey,I did not participate in this survey,No,I did not participate in this survey,I did not participate in this survey,I did not participate in this survey,I did not participate in this survey,Yes,Alone,Yes,0,I did not submit any pictures,No,I don't remember.,I don't remember.,Waking Titan Twitch,No,"Reddit, WakingTitan Phase 2 Discord",No,I don't have an ETARC account,Yes,No,6,2000